-- --------------------------------------------------------
-- Host:                         localhost
-- Versión del servidor:         5.6.17-log - MySQL Community Server (GPL)
-- SO del servidor:              Win64
-- HeidiSQL Versión:             10.1.0.5464
-- --------------------------------------------------------

/*!40101 SET @OLD_CHARACTER_SET_CLIENT=@@CHARACTER_SET_CLIENT */;
/*!40101 SET NAMES utf8 */;
/*!50503 SET NAMES utf8mb4 */;
/*!40014 SET @OLD_FOREIGN_KEY_CHECKS=@@FOREIGN_KEY_CHECKS, FOREIGN_KEY_CHECKS=0 */;
/*!40101 SET @OLD_SQL_MODE=@@SQL_MODE, SQL_MODE='NO_AUTO_VALUE_ON_ZERO' */;

-- Volcando datos para la tabla psicoanalisisfreud.archivos: ~0 rows (aproximadamente)
/*!40000 ALTER TABLE `archivos` DISABLE KEYS */;
INSERT INTO `archivos` (`id`, `denominacion`, `tipo`) VALUES
	(1, 'Afiche_ateneo_delgado.pdf', 'application/pdf'),
	(2, 'ProgramaCCP2018.pdf', 'application/pdf'),
	(3, 'zack.pdf', 'application/pdf');
/*!40000 ALTER TABLE `archivos` ENABLE KEYS */;

-- Volcando datos para la tabla psicoanalisisfreud.categorias_blog: ~0 rows (aproximadamente)
/*!40000 ALTER TABLE `categorias_blog` DISABLE KEYS */;
INSERT INTO `categorias_blog` (`id`, `denominacion`, `idMenu`, `orden`) VALUES
	(1, 'Ateneos clínicos', 2, 1),
	(2, 'Presentación de enfermos', 2, 1),
	(3, 'Psicoanálisis y cultura', 2, 2),
	(4, 'Taller de escritura', 2, 3),
	(5, 'Pasantías', 2, 5),
	(6, 'Conferencias', 2, 6),
	(7, 'Cursos', 2, 7),
	(8, 'Jornadas', 2, 8),
	(9, 'Dispositivo asistencial', 2, 11),
	(10, 'Seminarios y talleres optativos', 3, 5),
	(11, 'Novedades', 3, 6),
	(12, 'Seminarios de extensión de la facultad', 7, 1),
	(13, 'artes plásticas', 7, 2),
	(14, 'Cine y fotografía', 7, 3),
	(15, 'Derechos humanos', 7, 4),
	(16, 'Ciclos de conferencias', 7, 5),
	(17, 'Danza', 7, 6),
	(18, 'Libros', 7, 7),
	(19, 'Música', 7, 8),
	(20, 'Teatro', 7, 9),
	(21, 'Exposiciones', 7, 10),
	(22, 'Producciones escritas de los alumnos', 8, 1);
/*!40000 ALTER TABLE `categorias_blog` ENABLE KEYS */;

-- Volcando datos para la tabla psicoanalisisfreud.entradas_blog: ~0 rows (aproximadamente)
/*!40000 ALTER TABLE `entradas_blog` DISABLE KEYS */;
INSERT INTO `entradas_blog` (`id`, `idCategoria`, `titulo`, `descripcion`, `imagenPrincipal`, `contenido`, `fechaCreacion`, `usuarioCreacion`, `fechaModificacion`, `usuarioModificacion`) VALUES
	(1, 1, 'Ateneos Clínicos', NULL, NULL, '<p><em><u>Responsable</u>: Marta Malamud, Silvia Garc&iacute;a.<br />\r\n<u>Colaboran</u>: Federico Giachetti, Silvina Dalmaso, Nora Merl&iacute;n.</em></p>\r\n\r\n<p>Los Ateneos Cl&iacute;nicos tienen como objetivo la articulaci&oacute;n de conceptos de la teor&iacute;a freudiana que se despliegan durante la cursada, con el campo de la cl&iacute;nica actual.</p>\r\n\r\n<p>La propuesta implica vincular el terreno te&oacute;rico con el de la pr&aacute;ctica en un ida y vuelta que tambi&eacute;n permita a la cl&iacute;nica interrogar el cuerpo conceptual.</p>\r\n\r\n<p>Se trata de desplegar la problem&aacute;tica particular de un caso, no en la modalidad de historial, sino en tanto recorte de un fragmento que presente una formaci&oacute;n del inconsciente, una particularidad de la transferencia, la detenci&oacute;n del trabajo asociativo, etc. y permita leer la l&oacute;gica subyacente.</p>\r\n\r\n<p>En tanto la cl&iacute;nica habla de la singularidad de cada caso en el marco de la interlocuci&oacute;n transferencial, se buscar&aacute; que la presentaci&oacute;n ubique la respuesta dada por el analista.</p>\r\n\r\n<p><strong>Modalidad</strong></p>\r\n\r\n<p>El caso ser&aacute; presentado por un docente de la c&aacute;tedra y comentado por un participante invitado.</p>\r\n\r\n<p><br />\r\n<strong>Semana Cl&iacute;nica</strong></p>\r\n\r\n<p><a href="http://www.psicoanalisisfreud.com.ar/imagenes/2018/semana%20clinica2.jpg"><img src="http://www.psicoanalisisfreud.com.ar/imagenes/2018/semana%20clinica2.jpg" style="width:100%" />&nbsp;</a><br />\r\n&nbsp;</p>\r\n\r\n<hr />\r\n<p><strong>Ateneo Cl&iacute;nico&nbsp;</strong><br />\r\nComenta: Ricaldo Seldes&nbsp;<br />\r\nPresenta: Silvia Berm&uacute;dez&nbsp;<br />\r\nCoordina: Osvaldo Delgado&nbsp;<br />\r\n<br />\r\nMartes 19 de septiembre de 2017 - 11:00&nbsp;<br />\r\nAula 101 - Sede Independencia 3065&nbsp;</p>\r\n\r\n<p><a href="http://localhost/github/psicologiafreud/backend/uploads/Afiche_ateneo_delgado.pdf" target="_NEW">Descargar afiche</a>&nbsp;</p>', '2019-01-30 15:19:13', 'admin', '2019-01-30 15:28:45', 'admin'),
	(2, 3, 'Psicoanálisis y cultura', NULL, NULL, '<p><u>Responsable</u>: Gabriela Cuomo.<br />\r\n<u>Integrantes</u>: Ana Mar&iacute;a Careaga, Mar&iacute;a E. Banzato, Celeste Silanes, Mirta Mikolatis, Liliana Mari&ntilde;o.</p>\r\n\r\n<p>&nbsp;</p>\r\n\r\n<p>Las C&aacute;tedras &quot;Psicoan&aacute;lisis Freud I&quot; y &quot;Construcci&oacute;n de los Conceptos Psicoanal&iacute;ticos&quot; invitan a la proyecci&oacute;n y debate de: &quot;Lea y Mira: dejan su huella&quot; el viernes 2 de noviembre - 19:45 - Fac. Psicolog&iacute;a (UBA) - Aula 103 - Independencia 3065.</p>\r\n\r\n<p><a href="http://www.psicoanalisisfreud.com.ar/imagenes/2018/Lea%20y%20Mira.%20Psa%20y%20DDHH%202018.jpg"><img src="http://www.psicoanalisisfreud.com.ar/imagenes/2018/Lea%20y%20Mira.%20Psa%20y%20DDHH%202018.jpg" style="width:100%" />&nbsp;</a><br />\r\n<br />\r\n<br />\r\n<a href="http://www.psicoanalisisfreud.com.ar/imagenes/2018/afiche-el%20caso%20anne.jpg"><img src="http://www.psicoanalisisfreud.com.ar/imagenes/2018/afiche-el%20caso%20anne.jpg" />&nbsp;</a><br />\r\n&nbsp;</p>\r\n\r\n<p>&nbsp;</p>\r\n\r\n<hr />\r\n<p>&nbsp;</p>\r\n\r\n<p><a href="http://www.psicoanalisisfreud.com.ar/imagenes/2017/edipoleido.jpg"><img src="http://www.psicoanalisisfreud.com.ar/imagenes/2017/edipoleido.jpg" /></a></p>', '2019-01-30 15:35:01', 'admin', '2019-01-30 15:37:01', 'admin'),
	(3, 4, 'Taller de escritura', NULL, 'taller de escritura.jpg', '<p><em><u>Responsable</u>: Sandra Rese.<br />\r\n<u>Colaboran</u>: Natalia R. Pazos, Ver&oacute;nica Wainzelbaum, Mar&iacute;a E. Crivelli, Liliana Mari&ntilde;o, Leticia Varga, Diego Castellani.</em></p>\r\n\r\n<p>El Equipo Taller de Escritura de la c&aacute;tedra invita a los alumnos al encuentro del&nbsp;<strong>Taller de Escritura Acad&eacute;mica</strong>&nbsp;que se realizar&aacute; el s&aacute;bado&nbsp;<strong>26 de mayo, a las 9:30hs en el Aula 119 Sede Independencia</strong>.</p>\r\n\r\n<p>Acompa&ntilde;aremos y guiaremos a los alumnos en el uso de los recursos necesarios para la producci&oacute;n de repuestas seg&uacute;n as consignas de escritura y sus convenciones.</p>\r\n\r\n<p>&iquest;Qu&eacute; significa explicar, diferenciar, describir, caracterizar, comparar, definir, desarrollar, ejemplificar, fundamentar? &iquest;C&oacute;mo estructurarlo al momento de un parcial?<br />\r\n&iquest;C&oacute;mo dar coherencia y cohesi&oacute;n a la estructura de las respuestas?<br />\r\n&iquest;Cu&aacute;l es el funcionamiento de la puntuaci&oacute;n?</p>\r\n\r\n<p>Estas y otras preguntas ser&aacute;n desarrolladas durante el encuentro.</p>\r\n\r\n<p><strong>Modalidad de trabajo: Taller te&oacute;rico-pr&aacute;ctico.</strong><br />\r\nLes pedimos que traigan el texto de Sigmund Freud &ldquo;Sobre el mecanismo ps&iacute;quico de los fen&oacute;menos hist&eacute;ricos&rdquo; (primer texto de Freud en el espacio de pr&aacute;cticos), para poder ejercitar lo trabajado.</p>\r\n\r\n<p>Se enviar&aacute; material por mail a los asistentes del taller.</p>\r\n\r\n<p><strong>Inscripci&oacute;n</strong><br />\r\nEl taller de escritura es optativo y pueden participar todos los interesados. La inscripci&oacute;n y consultas para esta actividad se realizar&aacute; enviando un mail a:&nbsp;<a href="mailto:tallerdeescriturafreud1@gmail.com">tallerdeescriturafreud1@gmail.com</a>, indicando: nombre, LU, comisi&oacute;n, e-mail.</p>\r\n\r\n<p><strong>El encuentro se realizar&aacute; el d&iacute;a s&aacute;bado 26/05/2018 a las 9:30hs. Aula 119, Sede Independencia.</strong></p>\r\n\r\n<p><em>Cordialmente<br />\r\nEquipo Taller de Escritura</em></p>', '2019-01-30 15:38:02', 'admin', '2019-01-30 15:39:23', 'admin'),
	(4, 12, 'Seminario 2018', NULL, NULL, '<p><strong>Estimados compa&ntilde;eros:</strong>&nbsp;<br />\r\n<br />\r\nDesde la Web de la C&aacute;tedra de Psicoan&aacute;lisis Freud I, a cargo del Profesor Titular Dr. Osvaldo L. Delgado, queremos invitarlos a inscribirse al Seminario&nbsp;<strong>&quot;De la novela familiar a la pulsi&oacute;n&quot;</strong>&nbsp;a cargo de M&oacute;nica Torres, Pablo Russo y Blanca S&aacute;nchez; los d&iacute;as viernes 5, 12, 19 y 26 de Octubre del corriente a&ntilde;o, en el horario de las 19:45 a 21:15 hs &ndash; Sede Independencia 3065 &ndash; Aula 103. Informes e Inscripci&oacute;n: www.psi.uba.ar&nbsp;<br />\r\nEn el&nbsp;<a href="http://www.psicoanalisisfreud.com.ar/imagenes/2018/De%20la%20novela%20familiar.jpg" target="_blank">afiche</a>&nbsp;est&aacute;n los datos de esta actividad.&nbsp;<br />\r\nLos esperamos.&nbsp;<br />\r\n<br />\r\nCordialmente.&nbsp;<br />\r\n&Aacute;rea de Seminarios Optativos.&nbsp;<br />\r\nResponsable: Natalia Rodr&iacute;guez Pazos&nbsp;<br />\r\nColaboran: Juan Bustos, Paulina Vilamowski, Mar&iacute;a In&eacute;s Claramunt.&nbsp;<br />\r\nOrganizan: Secretar&iacute;a de Extensi&oacute;n, Cultura y Bienestar Universitario; C&aacute;tedra I de Psicoan&aacute;lisis Freud; C&aacute;tedra Construcci&oacute;n de los conceptos Psicoanal&iacute;ticos.&nbsp;<br />\r\n&nbsp;</p>\r\n\r\n<p>___________________</p>\r\n\r\n<p>2017</p>\r\n\r\n<p><strong>Estimados compa&ntilde;eros:</strong>&nbsp;<br />\r\n<br />\r\nLos invitamos especialmente al Seminario&nbsp;<strong>&quot;Vigencia de las Neurosis&quot;</strong>&nbsp;a cargo de Oscar Zack y a que inviten a sus alumnos de esta actividad.&nbsp;<br />\r\nLos que est&eacute;n interesados podr&aacute;n inscribirse a trav&eacute;s del link que aparece en el&nbsp;<a href="http://www.psicoanalisisfreud.com.ar/docs/zack.pdf" target="new">afiche adjunto</a>.&nbsp;<br />\r\nLos esperamos.&nbsp;<br />\r\n<br />\r\nCordialmente.&nbsp;<br />\r\n&Aacute;rea de Seminarios Optativos.&nbsp;<br />\r\nResp. Ma. Cristina Virgilio.&nbsp;<br />\r\nColaboran: Juan Bustos, Paulina Vilamowski, Mar&iacute;a In&eacute;s Claramunt.&nbsp;<br />\r\n&nbsp;</p>\r\n\r\n<p>___________________</p>\r\n\r\n<p>Segundo Cuatrimestre 2016</p>\r\n\r\n<p><br />\r\n<strong>Estimados alumnos:</strong>&nbsp;<br />\r\n<br />\r\nDesde las c&aacute;tedras Psicoan&aacute;lisis Freud 1 y Construcci&oacute;n de los conceptos psicoanal&iacute;ticos, Prof. Titular Dr. Osvaldo Delgado; y organizado por la Secretar&iacute;a de Extensi&oacute;n Universitaria de la Facultad de Psicolog&iacute;a, deseamos invitarlos al Seminario: &quot;El lugar del padre en la actualidad&quot; a cargo del Lic. Oscar Zack que est&aacute; pr&oacute;ximo a realizarse, el mismo es gratuito y se entregar&aacute;n certificados oficiales.<br />\r\n<br />\r\nLos que est&eacute;n interesados podr&aacute;n inscribirse a trav&eacute;s del link que aparece en el afiche adjunto.<br />\r\n<br />\r\nLos cupos son limitados, realicen la inscripci&oacute;n si pueden confirmar su asistencia.<br />\r\n<br />\r\nEsperamos contar con ustedes.<br />\r\n<br />\r\nCordialmente<br />\r\n&Aacute;rea de Seminarios Optativos<br />\r\nLic. Cristina Virgilio - Lic. Anal&iacute;a Papalardo - Lic. Juan Bustos C&aacute;tedra Psicoan&aacute;lisis Freud 1</p>\r\n\r\n<p>___________________</p>\r\n\r\n<p><a href="http://www.psicoanalisisfreud.com.ar/imagenes/2016/seminario.png" target="new">El Legado Freudiano IV - G&eacute;nero y Sexuaci&oacute;n en la Infancia</a></p>\r\n\r\n<p>&nbsp;</p>\r\n\r\n<p>&nbsp;</p>\r\n\r\n<p>Segundo Cuatrimestre 2015</p>\r\n\r\n<p><a href="http://www.psicoanalisisfreud.com.ar/imagenes/2015/afichetorres.jpg" target="new">Histeria y Obsesi&oacute;n</a></p>\r\n\r\n<p>&nbsp;</p>\r\n\r\n<p>&nbsp;</p>\r\n\r\n<p>&nbsp;</p>\r\n\r\n<p>_________________</p>\r\n\r\n<p>Segundo Cuatrimestre 2014</p>\r\n\r\n<p><a href="http://www.psi.uba.ar/extension.php?var=extension/jornadas_congresos/satisfacciones_pulsionales/index.php&amp;id=3929" target="new">Satisfacciones pulsionales contempor&aacute;neas</a><br />\r\nM&oacute;nica Torres, Pablo Russo y Blanca S&aacute;nchez<br />\r\n<br />\r\n&nbsp;</p>\r\n\r\n<p>&nbsp;</p>\r\n\r\n<p>Primer Cuatrimestre 2013</p>\r\n\r\n<p><a href="http://www.psi.uba.ar/extension.php?var=extension/actividades1_2013/seminarios/curso.php&amp;id_activ=5&amp;id_coord=1">Donald Winnicott en la cl&iacute;nica psicoanal&iacute;tica actual.&nbsp;</a><br />\r\nGriselda Almir&oacute;n</p>\r\n\r\n<p><a href="http://www.psi.uba.ar/extension.php?var=extension/actividades1_2013/seminarios/curso.php&amp;id_activ=6&amp;id_coord=2">Las entrevistas preliminares para la fundaci&oacute;n de un an&aacute;lisis.&nbsp;</a><br />\r\nPatricia Anido</p>\r\n\r\n<p><a href="http://www.psi.uba.ar/extension.php?var=extension/actividades1_2013/seminarios/curso.php&amp;id_activ=7&amp;id_coord=3">Pasaje al acto y acting out en la Adolescencia Anorexia/Bulimia. Adicciones. Embarazo adolescente&nbsp;</a><br />\r\nJos&eacute; A. Barrionuevo</p>\r\n\r\n<p><a href="http://www.psi.uba.ar/extension.php?var=extension/actividades1_2013/seminarios/curso.php&amp;id_activ=35&amp;id_coord=5">Introducci&oacute;n a los conceptos de la cl&iacute;nica lacaniana.&nbsp;</a><br />\r\nDar&iacute;o Bruno - Claudio Miceli - Mauricio Zuli&aacute;n</p>\r\n\r\n<p><a href="http://www.psi.uba.ar/extension.php?var=extension/actividades1_2013/seminarios/curso.php&amp;id_activ=9&amp;id_coord=6">La pr&aacute;ctica asistencial en la cl&iacute;nica psicoanal&iacute;tica: abordaje, obst&aacute;culos e intervenciones en ni&ntilde;os, j&oacute;venes y adultos.&nbsp;</a><br />\r\nEnzo Carriolo</p>\r\n\r\n<p><a href="http://www.psi.uba.ar/extension.php?var=extension/actividades1_2013/seminarios/curso.php&amp;id_activ=50&amp;id_coord=7">Seminario - taller&nbsp;<br />\r\nPsicolog&iacute;a y periodismo: C&oacute;mo divulgar sin vulgarizar.&nbsp;</a><br />\r\nTesy De Biase</p>\r\n\r\n<p><a href="http://www.psi.uba.ar/extension.php?var=extension/actividades1_2013/seminarios/curso.php&amp;id_activ=10&amp;id_coord=10">Las adicciones en la adolescencia.&nbsp;</a><br />\r\nPablo De Vedia</p>\r\n\r\n<p><a href="http://www.psi.uba.ar/extension.php?var=extension/actividades1_2013/seminarios/curso.php&amp;id_activ=21&amp;id_coord=8">Las experiencias de la corporalidad y la temporalidad en la cl&iacute;nica. La perspectiva fenomenol&oacute;gica.&nbsp;</a><br />\r\nGustavo Del Cioppo</p>\r\n\r\n<p><a href="http://www.psi.uba.ar/extension.php?var=extension/actividades1_2013/seminarios/curso.php&amp;id_activ=20&amp;id_coord=11">Fen&oacute;menos de serialidad criminal.&nbsp;</a><br />\r\nLuis Alberto Disanto</p>\r\n\r\n<p><a href="http://www.psi.uba.ar/extension.php?var=extension/actividades1_2013/seminarios/curso.php&amp;id_activ=17&amp;id_coord=12">Introducci&oacute;n a la Psicolog&iacute;a Junguiana.&nbsp;</a><br />\r\nHoracio Ejilevich Grimaldi</p>\r\n\r\n<p><a href="http://www.psi.uba.ar/extension.php?var=extension/actividades1_2013/seminarios/curso.php&amp;id_activ=12&amp;id_coord=13">Ataque de p&aacute;nico. Cl&iacute;nica de un trastorno actual.&nbsp;</a><br />\r\nAldo Forno</p>\r\n\r\n<p><a href="http://www.psi.uba.ar/extension.php?var=extension/actividades1_2013/seminarios/curso.php&amp;id_activ=13&amp;id_coord=14">La cl&iacute;nica con ni&ntilde;os en la escena hospitalaria.&nbsp;</a><br />\r\nAndrea Fr&auml;nkel</p>\r\n\r\n<p><a href="http://www.psi.uba.ar/extension.php?var=extension/actividades1_2013/seminarios/curso.php&amp;id_activ=13&amp;id_coord=14">Psicocorporalidad. Repensar la cl&iacute;nica desde el an&aacute;lisis bioenerg&eacute;tico</a>.&nbsp;<br />\r\nAdriana Gonz&aacute;lez Loza</p>\r\n\r\n<p><a href="http://www.psi.uba.ar/extension.php?var=extension/actividades1_2013/seminarios/curso.php&amp;id_activ=15&amp;id_coord=18">Ni&ntilde;ez y adolescencia. Lo parental. Lo vincular.<br />\r\nProblem&aacute;ticas recurrentes. Dispositivos y modalidades de intervenci&oacute;n</a>.&nbsp;<br />\r\nLiliana Grandal</p>\r\n\r\n<p><a href="http://www.psi.uba.ar/extension.php?var=extension/actividades1_2013/seminarios/curso.php&amp;id_activ=53&amp;id_coord=16">Psicodrama: Aprendiendo con su Historia.&nbsp;</a><br />\r\nAntonio Sergio Guimar&atilde;es - D&eacute;bora Mogilevsky de Penna</p>\r\n\r\n<p><a href="http://www.psi.uba.ar/extension.php?var=extension/actividades1_2013/seminarios/curso.php&amp;id_activ=43&amp;id_coord=19">Cl&iacute;nica psicopedag&oacute;gica. Cuestiones de su pr&aacute;ctica.&nbsp;</a><br />\r\nErica Hamuy - Andrea Lucero - Cecilia Kornblit - Gerardo Prol</p>\r\n\r\n<p><a href="http://www.psi.uba.ar/extension.php?var=extension/actividades1_2013/seminarios/curso.php&amp;id_activ=18&amp;id_coord=20">Evaluaci&oacute;n e informe psicol&oacute;gico en el &aacute;rea de selecci&oacute;n de personal.&nbsp;</a><br />\r\nMirta M. Holgado</p>\r\n\r\n<p><a href="http://www.psi.uba.ar/extension.php?var=extension/actividades1_2013/seminarios/curso.php&amp;id_activ=19&amp;id_coord=21">La dimensi&oacute;n espiritual y sus sesgos en los abordajes terap&eacute;uticos actuales: consecuencias cl&iacute;nicas de la exclusi&oacute;n y de la inclusi&oacute;n; y la posibilidad de entrenamiento.&nbsp;</a><br />\r\nFernando Daniel Huberman - Beatriz Boulanger - Silvia Kamienomostki</p>\r\n\r\n<p><a href="http://www.psi.uba.ar/extension.php?var=extension/actividades1_2013/seminarios/curso.php&amp;id_activ=29&amp;id_coord=22">Una pr&aacute;ctica lacaniana con la psicosis: lo diferencial del Psicoan&aacute;lisis.<br />\r\nS&iacute;ntoma. Diagn&oacute;stico. Intervenciones.</a><br />\r\nHayd&eacute;e Estela J. Iglesias</p>\r\n\r\n<p><a href="http://www.psi.uba.ar/extension.php?var=extension/actividades1_2013/seminarios/curso.php&amp;id_activ=23&amp;id_coord=23">Posiciones perversas en la infancia.&nbsp;</a><br />\r\nLuj&aacute;n Iuale - Luciano Lutereau - Santiago Thompson</p>\r\n\r\n<p><a href="http://www.psi.uba.ar/extension.php?var=extension/actividades1_2013/seminarios/curso.php&amp;id_activ=45&amp;id_coord=28">Conceptos fundamentales en la obra de Jacques Lacan para la cl&iacute;nica con ni&ntilde;os y adolescentes.&nbsp;</a><br />\r\nDaniela Kaplan - Adriana Salinas</p>\r\n\r\n<p><a href="http://www.psi.uba.ar/extension.php?var=extension/actividades1_2013/seminarios/curso.php&amp;id_activ=34&amp;id_coord=29">Cl&iacute;nica del supery&oacute;.&nbsp;</a><br />\r\nLeopoldo Kligmann</p>\r\n\r\n<p><a href="http://www.psi.uba.ar/extension.php?var=extension/actividades1_2013/seminarios/curso.php&amp;id_activ=34&amp;id_coord=29">La madre como pasadora de la ley II.&nbsp;</a><br />\r\nPatricia Lagomarsino</p>\r\n\r\n<p><a href="http://www.psi.uba.ar/extension.php?var=extension/actividades1_2013/seminarios/curso.php&amp;id_activ=25&amp;id_coord=37">Aportes del Psicoan&aacute;lisis a la cl&iacute;nica de la vulnerabilidad.&nbsp;</a><br />\r\nVer&oacute;nica Llull Casado</p>\r\n\r\n<p><a href="http://www.psi.uba.ar/extension.php?var=extension/actividades1_2013/seminarios/curso.php&amp;id_activ=26&amp;id_coord=33">Derecho a la Identidad: restituci&oacute;n, apropiaci&oacute;n, filiaci&oacute;n.&nbsp;</a><br />\r\nAlicia Lo Gi&uacute;dice</p>\r\n\r\n<p><a href="http://www.psi.uba.ar/extension.php?var=extension/actividades1_2013/seminarios/curso.php&amp;id_activ=27&amp;id_coord=35">Del goce al amor. Amor y amor de transferencia.&nbsp;</a><br />\r\nMarcela Lomb&aacute;n</p>\r\n\r\n<p><a href="http://www.psi.uba.ar/extension.php?var=extension/actividades1_2013/seminarios/curso.php&amp;id_activ=28&amp;id_coord=38">Hacer (la) cl&iacute;nica &ndash; Analistas, pacientes y la subjetividad de la &eacute;poca.</a><br />\r\nMiriam Maidana</p>\r\n\r\n<p><a href="http://www.psi.uba.ar/extension.php?var=extension/actividades1_2013/seminarios/curso.php&amp;id_activ=11&amp;id_coord=39">Teor&iacute;a y terapia cognitiva del estr&eacute;s.&nbsp;</a><br />\r\nIngrid Mart&iacute;n</p>\r\n\r\n<p><a href="http://www.psi.uba.ar/extension.php?var=extension/actividades1_2013/seminarios/curso.php&amp;id_activ=22&amp;id_coord=39">T&eacute;cnicas psicofisiol&oacute;gicas para el manejo del Estr&eacute;s.&nbsp;</a><br />\r\nIngrid Mart&iacute;n</p>\r\n\r\n<p><a href="http://www.psi.uba.ar/extension.php?var=extension/actividades1_2013/seminarios/curso.php&amp;id_activ=51&amp;id_coord=40">Transmisi&oacute;n y subjetividad. Cl&iacute;nica y &eacute;poca.<br />\r\n(Segundo m&oacute;dulo)&nbsp;</a><br />\r\nMariana Mart&iacute;nez Liss - Tomasa San Miguel</p>\r\n\r\n<p><a href="http://www.psi.uba.ar/extension.php?var=extension/actividades1_2013/seminarios/curso.php&amp;id_activ=31&amp;id_coord=41">Etnograf&iacute;a de espacios biogr&aacute;ficos: posdictadura y subjetividad.&nbsp;</a><br />\r\nHoracio Medina</p>\r\n\r\n<p><a href="http://www.psi.uba.ar/extension.php?var=extension/actividades1_2013/seminarios/curso.php&amp;id_activ=33&amp;id_coord=42">Teor&iacute;as e intervenciones del psicoanalista en la cl&iacute;nica con ni&ntilde;os.&nbsp;</a><br />\r\nMar&iacute;a Cecilia M&eacute;ndez</p>\r\n\r\n<p><a href="http://www.psi.uba.ar/extension.php?var=extension/actividades1_2013/seminarios/curso.php&amp;id_activ=81&amp;id_coord=43">Atenci&oacute;n domiciliaria en pediatr&iacute;a.&nbsp;</a><br />\r\nMiriam Metz</p>\r\n\r\n<p><a href="http://www.psi.uba.ar/extension.php?var=extension/actividades1_2013/seminarios/curso.php&amp;id_activ=82&amp;id_coord=43">Snoezelen: salas de estimulaci&oacute;n multi-sensorial una nueva herramienta terap&eacute;utica.&nbsp;</a><br />\r\nMiriam Metz</p>\r\n\r\n<p><a href="http://www.psi.uba.ar/extension.php?var=extension/actividades1_2013/seminarios/curso.php&amp;id_activ=36&amp;id_coord=47">Personas en Situaci&oacute;n de calle. DDHH y Psicoan&aacute;lisis: una lectura posible.&nbsp;</a><br />\r\nJonathan Neiling</p>\r\n\r\n<p><a href="http://www.psi.uba.ar/extension.php?var=extension/actividades1_2013/seminarios/curso.php&amp;id_activ=37&amp;id_coord=48">Cl&iacute;nica psicoanal&iacute;tica en Discapacidades Cognitivas.&nbsp;</a><br />\r\nLeandro Noir</p>\r\n\r\n<p><a href="http://www.psi.uba.ar/extension.php?var=extension/actividades1_2013/seminarios/curso.php&amp;id_activ=38&amp;id_coord=49">Aproximaciones a la elaboraci&oacute;n de intervenciones comunitarias de prevenci&oacute;n y reducci&oacute;n de da&ntilde;os en consumos problem&aacute;ticos de drogas.&nbsp;</a><br />\r\nRicardo Paveto</p>\r\n\r\n<p><a href="http://www.psi.uba.ar/extension.php?var=extension/actividades1_2013/seminarios/curso.php&amp;id_activ=40&amp;id_coord=51">Infancias: los autismos y las psicosis.&nbsp;</a><br />\r\nCarlos Pel&aacute;ez - Estela Prado - Carla De Miguel</p>\r\n\r\n<p><a href="http://www.psi.uba.ar/extension.php?var=extension/actividades1_2013/seminarios/curso.php&amp;id_activ=16&amp;id_coord=52">Promoci&oacute;n de la salud sexual y reproductiva en el Primer Nivel de Atenci&oacute;n.&nbsp;</a><br />\r\nGabriela Viviana Perrotta</p>\r\n\r\n<p><a href="http://www.psi.uba.ar/extension.php?var=extension/actividades1_2013/seminarios/curso.php&amp;id_activ=41&amp;id_coord=50">T&eacute;cnicas activas desde una perspectiva sist&eacute;mica<br />\r\nPsicodrama: Usos Cl&iacute;nicos<br />\r\nT&eacute;cnicas psicodram&aacute;ticas en terapia familiar, individual, pareja e instituciones.&nbsp;</a><br />\r\nRosa Pfefferman</p>\r\n\r\n<p><a href="http://www.psi.uba.ar/extension.php?var=extension/actividades1_2013/seminarios/curso.php&amp;id_activ=30&amp;id_coord=53">Psicoan&aacute;lisis actual. Nuevos enfoques a los malestares vigentes: adicciones, psicosom&aacute;ticas, angustia, bulimia y anorexia.&nbsp;</a><br />\r\nNorma P&iacute;ngaro</p>\r\n\r\n<p><a href="http://www.psi.uba.ar/extension.php?var=extension/actividades1_2013/seminarios/curso.php&amp;id_activ=8&amp;id_coord=56">&iquest;Por qu&eacute; consultar&iacute;a el perverso? &iquest;Estructura o rasgo?&nbsp;</a><br />\r\nBettina Quiroga</p>\r\n\r\n<p><a href="http://www.psi.uba.ar/extension.php?var=extension/actividades1_2013/seminarios/curso.php&amp;id_activ=44&amp;id_coord=57">La escritura fantasm&aacute;tica, goce y repetici&oacute;n.&nbsp;</a><br />\r\nOscar Quiroga</p>\r\n\r\n<p><a href="http://www.psi.uba.ar/extension.php?var=extension/actividades1_2013/seminarios/curso.php&amp;id_activ=46&amp;id_coord=60">Dilemas &eacute;ticos en la pr&aacute;ctica psicol&oacute;gica: el di&aacute;logo con otros discursos disciplinares en contextos institucionales diversos.&nbsp;</a><br />\r\nGabriela Z. Salomone - Giselle A. L&oacute;pez</p>\r\n\r\n<p><a href="http://www.psi.uba.ar/extension.php?var=extension/actividades1_2013/seminarios/curso.php&amp;id_activ=46&amp;id_coord=60">Talleres de sexualidad con ni&ntilde;os/adolescentes: un punto de encuentro entre la subjetividad y la grupalidad. Construyendo la categor&iacute;a nos-otros.&nbsp;</a><br />\r\nMariana Soler</p>\r\n\r\n<p><a href="http://www.psi.uba.ar/extension.php?var=extension/actividades1_2013/seminarios/curso.php&amp;id_activ=47&amp;id_coord=62">Orientaci&oacute;n para la inserci&oacute;n laboral del psic&oacute;logo en las diferentes &aacute;reas de trabajo: t&eacute;cnicas y herramientas.&nbsp;</a><br />\r\nMar&iacute;a Cecilia Sol&iacute;s</p>\r\n\r\n<p><a href="http://www.psi.uba.ar/extension.php?var=extension/actividades1_2013/seminarios/curso.php&amp;id_activ=42&amp;id_coord=63">T&eacute;cnicas de persuasi&oacute;n. Aplicaci&oacute;n estrat&eacute;gica de la influencia en las relaciones humanas.&nbsp;</a><br />\r\nBerta Spaini</p>\r\n\r\n<p><a href="http://www.psi.uba.ar/extension.php?var=extension/actividades1_2013/seminarios/curso.php&amp;id_activ=48&amp;id_coord=63">Obesidad: psicoterapia de la problem&aacute;tica con y sin gordura. Adelgazamiento y mantenimiento en el marco de la psicoterapia grupal.&nbsp;</a><br />\r\nBerta Spaini</p>\r\n\r\n<p><a href="http://www.psi.uba.ar/extension.php?var=extension/actividades1_2013/seminarios/curso.php&amp;id_activ=49&amp;id_coord=64">Cl&iacute;nica psicoanal&iacute;tica de la infertilidad, enfoque te&oacute;rico cl&iacute;nico.&nbsp;</a><br />\r\nRegina Szapiro</p>\r\n\r\n<p><a href="http://www.psi.uba.ar/extension.php?var=extension/actividades1_2013/seminarios/curso.php&amp;id_activ=52&amp;id_coord=66">Herramientas para b&uacute;squeda y selecci&oacute;n de Recursos Humanos: perfiles, entrevistas</a>.&nbsp;<br />\r\nMar&iacute;a Cecilia Vilaboa</p>\r\n\r\n<p><a href="http://www.psi.uba.ar/extension.php?var=extension/actividades1_2013/seminarios/curso.php&amp;id_activ=55&amp;id_coord=67">Modelo de estrategias de intervenci&oacute;n en crisis y emergencias<br />\r\n(Enfoque sist&eacute;mico-cognitivo-conductual)<br />\r\nAplicaciones cl&iacute;nicas y a fen&oacute;menos psicosociales y ambientales.&nbsp;</a><br />\r\nMart&iacute;n Wainstein</p>\r\n\r\n<p><a href="http://www.psi.uba.ar/extension.php?var=extension/actividades1_2013/seminarios/curso.php&amp;id_activ=56&amp;id_coord=67">La primera entrevista en Psicolog&iacute;a<br />\r\n(Desde un enfoque sist&eacute;mico-cognitivo-conductual)<br />\r\nAplicaciones laborales, educacionales y cl&iacute;nicas.&nbsp;</a><br />\r\nMart&iacute;n Wainstein</p>\r\n\r\n<p><a href="http://www.psi.uba.ar/extension.php?var=extension/actividades1_2013/seminarios/curso.php&amp;id_activ=57&amp;id_coord=67">Herramientas de intervenci&oacute;n en organizaciones<br />\r\n(Modelos Sist&eacute;micos).&nbsp;</a><br />\r\nMart&iacute;n Wainstein - Rosa Pfefferman - Federico Wainstein</p>\r\n\r\n<p><a href="http://www.psi.uba.ar/extension.php?var=extension/actividades1_2013/seminarios/curso.php&amp;id_activ=54&amp;id_coord=68">Arte, Comunidad y Participaci&oacute;n. Potencialidad y caracter&iacute;sticas de la inclusi&oacute;n del arte en el &aacute;mbito comunitario.&nbsp;</a><br />\r\nCarolina Wajnerman</p>\r\n\r\n<p><a href="http://www.psi.uba.ar/extension.php?var=extension/actividades1_2013/seminarios/curso.php&amp;id_activ=58&amp;id_coord=69">Curso introductorio a la Musicoterapia Vibroac&uacute;stica.&nbsp;</a><br />\r\nJorge Zain</p>\r\n\r\n<p><a href="http://www.psi.uba.ar/extension.php?var=extension/actividades1_2013/seminarios/curso.php&amp;id_activ=39&amp;id_coord=70">Fen&oacute;menos psic&oacute;ticos en ni&ntilde;os. Estrategias de abordaje en el &aacute;mbito cl&iacute;nico - educativo.&nbsp;</a><br />\r\nDiego Zerba</p>', '2019-01-30 17:03:41', 'admin', '2019-01-30 17:07:44', 'admin'),
	(5, 12, 'Seminario 2017', NULL, NULL, '<p><strong>Estimados compa&ntilde;eros:</strong>&nbsp;<br />\r\n<br />\r\nLos invitamos especialmente al Seminario&nbsp;<strong>&quot;Vigencia de las Neurosis&quot;</strong>&nbsp;a cargo de Oscar Zack y a que inviten a sus alumnos de esta actividad.&nbsp;<br />\r\nLos que est&eacute;n interesados podr&aacute;n inscribirse a trav&eacute;s del link que aparece en el&nbsp;afiche.&nbsp;<br />\r\nLos esperamos.&nbsp;<br />\r\n<br />\r\nCordialmente.&nbsp;<br />\r\n&Aacute;rea de Seminarios Optativos.&nbsp;<br />\r\nResp. Ma. Cristina Virgilio.&nbsp;<br />\r\nColaboran: Juan Bustos, Paulina Vilamowski, Mar&iacute;a In&eacute;s Claramunt.</p>\r\n\r\n<p><a href="http://localhost/github/psicologiafreud/backend/uploads/zack.pdf" target="_blank">Descargar afiche</a></p>', '2019-01-30 17:08:25', 'admin', '2019-01-30 17:11:02', 'admin');
/*!40000 ALTER TABLE `entradas_blog` ENABLE KEYS */;

-- Volcando datos para la tabla psicoanalisisfreud.menu: ~8 rows (aproximadamente)
/*!40000 ALTER TABLE `menu` DISABLE KEYS */;
INSERT INTO `menu` (`id`, `denominacion`, `orden`, `imagen`, `accesoDirecto`) VALUES
	(1, 'Información académica', 1, NULL, 0),
	(2, 'Extensión', 2, NULL, 0),
	(3, 'Materia electiva', 5, NULL, 0),
	(4, 'Referencias al programa', 3, NULL, 0),
	(5, 'Referencias sobre la obra de freud', 4, NULL, 0),
	(6, 'Conexiones', 6, NULL, 0),
	(7, 'Agenda abierta', 7, NULL, 0),
	(8, 'Comunicación', 8, NULL, 0);
/*!40000 ALTER TABLE `menu` ENABLE KEYS */;

-- Volcando datos para la tabla psicoanalisisfreud.paginas_estaticas: ~34 rows (aproximadamente)
/*!40000 ALTER TABLE `paginas_estaticas` DISABLE KEYS */;
INSERT INTO `paginas_estaticas` (`id`, `idMenu`, `orden`, `titulo`, `descripcion`, `imagenPrincipal`, `contenido`, `fechaCreacion`, `usuarioCreacion`, `fechaModificacion`, `usuarioModificacion`) VALUES
	(1, 1, 1, 'Presentación de la materia', NULL, NULL, '<p>La c&aacute;tedra 1, de la asignatura Psicoan&aacute;lisis Freud, de la cual estoy a cargo, propone un abordaje razonado de la obra de Sigmund Freud.<br />\r\nPor lo tanto, no implica una lectura &ldquo;evolutiva&rdquo;, ni su contraria, como forzamiento conceptual de cada &eacute;poca doctrinaria.<br />\r\n<br />\r\nDe este modo, el gran texto &ldquo;Inhibici&oacute;n, s&iacute;ntoma y angustia&rdquo; es el referente de la l&oacute;gica de la ense&ntilde;anza.<br />\r\n<br />\r\nEl ordenamiento de los te&oacute;ricos, los seminarios, y los trabajos pr&aacute;cticos; implican una articulaci&oacute;n precisa en el interior de s&iacute; mismos, y en relaci&oacute;n con los otros espacios.<br />\r\n<br />\r\nLos te&oacute;ricos, teniendo como base, la formulaci&oacute;n de Freud en el texto &ldquo;M&aacute;s all&aacute; del principio de placer&rdquo;, dan cuenta de las tres grandes &eacute;pocas de construcci&oacute;n de la doctrina.<br />\r\n<br />\r\nLa primer &eacute;poca, nombrada como la del arte de la interpretaci&oacute;n, da cuenta de la invenci&oacute;n del inconsciente din&aacute;mico y del concepto de pulsi&oacute;n. A su vez del trauma a la fantas&iacute;a.<br />\r\n<br />\r\nLa segunda, llamada &ldquo;del levantamiento de las resistencias&rdquo;, aborda centralmente la conexi&oacute;n transferencia, resistencia y el fundamento de la repetici&oacute;n.<br />\r\n<br />\r\nLa tercera &eacute;poca, se refiere al giro de 1920 y sus consecuencias. Se introduce el concepto de pulsi&oacute;n de muerte, el inconsciente libidinal, y el s&iacute;ntoma como satisfacci&oacute;n.<br />\r\n<br />\r\nEn los seminarios, cuyo car&aacute;cter es obligatorio al igual que en los te&oacute;ricos y los pr&aacute;cticos; se trabaja a lo largo del a&ntilde;o, el denominado &ldquo;quehacer del analista&rdquo; en correspondencia con cada &eacute;poca. La regla fundamental, la interpretaci&oacute;n, el problema de la sugesti&oacute;n, la regla de abstinencia, la construcci&oacute;n; el inicio, el desarrollo y el fin de an&aacute;lisis.<br />\r\n<br />\r\nEl trabajo en las comisiones de pr&aacute;cticos, aborda el obst&aacute;culo propio de cada &eacute;poca, en lo conceptual y en la practica cl&iacute;nica.<br />\r\n<br />\r\nSe orienta la lectura respecto al valor fecundo del obst&aacute;culo, en obra de Freud. &iquest;c&oacute;mo construye los conceptos? &iquest;c&oacute;mo la cl&iacute;nica desborda permanentemente a los conceptos?<br />\r\n<br />\r\nLos &ldquo;impasses&rdquo;, los giros, los cuestionamientos del mismo Freud a ordenamientos anteriores. Los &ldquo;saltos&rdquo; y las &ldquo;invenciones&rdquo; como necesidad epist&eacute;mica, en una dimensi&oacute;n del saber como es del psicoan&aacute;lisis.<br />\r\n<br />\r\nEl programa de la materia comienza, aun antes de los primeros textos de Freud, con una ubicaci&oacute;n del contexto de la modernidad en que surge el psicoan&aacute;lisis.<br />\r\n<br />\r\nCulmina el a&ntilde;o de ense&ntilde;anza, abordando la cuesti&oacute;n del legado Freudiano en la postmodernidad.<br />\r\n<br />\r\nPor otra parte, adem&aacute;s de estas tres &aacute;reas obligatorias de la cursada, La C&aacute;tedra cuenta con espacios optativos y muy importantes para vislumbrar la vastedad de la impronta del psicoan&aacute;lisis en la cultura y en la salud mental.<br />\r\n<br />\r\nCuenta con un &Aacute;rea Cl&iacute;nica, compuesta por Ateneos Cl&iacute;nicos y por &ldquo;presentaciones de enfermos&rdquo;.&nbsp;<br />\r\n<br />\r\nAdem&aacute;s posee La C&aacute;tedra un &aacute;rea de Psicoan&aacute;lisis y Cultura.<br />\r\n<br />\r\nEste &aacute;rea, implica tanto un entrecruzamiento discursivo del psicoan&aacute;lisis con el arte, la filosof&iacute;a y las ciencias; con el abordaje de problem&aacute;ticas especificas, por ejemplo: derechos humanos, segregaci&oacute;n y racismo, violencia, etc.<br />\r\n<br />\r\nA su vez, nuestra unidad acad&eacute;mica cuenta, como programa de extensi&oacute;n con un dispositivo asistencial.<br />\r\n<br />\r\nDisponemos de una pagina web propia, y una lista electr&oacute;nica, de comunicaci&oacute;n entre los alumnos y el equipo docente en forma permanente.<br />\r\n<br />\r\nContamos con un dispositivo propio de capacitaci&oacute;n de nuevos docentes donde se los forma, tanto en la obra de Freud, como en los criterios pedag&oacute;gicos y did&aacute;cticos de la ense&ntilde;anza universitaria.<br />\r\n<br />\r\nEl conjunto del ordenamiento del programa sus tres espacios / obligatorios espec&iacute;ficos (te&oacute;ricos, seminarios, pr&aacute;cticos), se anuda con los espacios optativos. La pagina web y la lista electr&oacute;nica dan cuanta de ese anudamiento, del mismo modo los tres ex&aacute;menes parciales y los finales para aquellos que no promocionan.<br />\r\n<br />\r\nA fin de a&ntilde;o, realizamos una consulta escrita, donde los alumnos pueden dar cuenta de sus observaciones, aportes, y criticas al trabajo realizado.<br />\r\n<br />\r\nLa lectura rigurosa de esa consulta junto con la experiencia propia de los docentes, dan lugar a las modificaciones necesarias para la mejor cursada del a&ntilde;o posterior.<br />\r\n<br />\r\nPara un relanzamiento permanente, del deseo, de transmitir el psicoan&aacute;lisis en la universidad.</p>\r\n\r\n<p><strong><em>Profesor Osvaldo L. Delgado</em></strong></p>\r\n\r\n<p>&nbsp;</p>\r\n\r\n<p>Presentaci&oacute;n FORMAL de la materia</p>\r\n\r\n<p><strong>A) Criterios y objeto de la ense&ntilde;anza.</strong><br />\r\nEl abordaje que anuda criterio y objeto de la ense&ntilde;anza en esta asignatura, es la referencia del mismo Freud en el Cap&iacute;tulo III de &quot;M&aacute;s All&aacute; del Principio del Placer&quot;, respecto a los tres momentos de la t&eacute;cnica psicoanal&iacute;tica.</p>\r\n\r\n<p>Estos tres momentos son:<br />\r\n1.- El arte de la interpretaci&oacute;n.<br />\r\n2.- El levantamiento de las resistencias.<br />\r\n3.- La operaci&oacute;n respecto a las resistencias estructurales.</p>\r\n\r\n<p>El texto referido, en la medida que enmarca el &uacute;ltimo y fundamental giro de la producci&oacute;n freudiana, puede ser un faro orientador para abarcar tan vasta obra.<br />\r\n<br />\r\nEste ordenamiento permite leer anticipaciones en estado pr&aacute;ctico, ubicando al mismo tiempo como, ciertos t&eacute;rminos tienen un valor distinto de acuerdo al estado de la doctrina en cada momento.</p>\r\n\r\n<p>Cada uno de los tres momentos define:<br />\r\n&bull; Un ordenamiento del aparato ps&iacute;quico.<br />\r\n&bull; Una conceptualizaci&oacute;n del padecimiento.<br />\r\n&bull; Un criterio sobre la finalidad de la cura.<br />\r\n&bull; Una formulaci&oacute;n espec&iacute;fica del lugar del psicoanalista.</p>\r\n\r\n<p>El primer momento tiene un clivaje fundamental, en la medida que abarca la consideraci&oacute;n del inconsciente descriptivo y del din&aacute;mico. Es pasible de ser ordenado a partir de la formulaci&oacute;n de la regla de la asociaci&oacute;n libre.<br />\r\n<br />\r\nEl segundo momento alcanza el obst&aacute;culo del amor de transferencia y la regla de abstinencia.<br />\r\n<br />\r\nEl tercero reordena esa problem&aacute;tica a partir de la inclusi&oacute;n de la pulsi&oacute;n de muerte hasta la consideraci&oacute;n del fin del an&aacute;lisis.</p>\r\n\r\n<p><br />\r\n<strong>B) Ubicaci&oacute;n de los conceptos a trabajar en cada uno de los tres momentos.</strong><br />\r\n<br />\r\nCada uno de los momentos ubica de un modo singular el conflicto, y a cada uno le corresponde una modalidad de respuesta.<br />\r\n<br />\r\nEste trayecto sit&uacute;a la construcci&oacute;n del aparato ps&iacute;quico en t&eacute;rminos de instancias articuladas y separadas, un ordenamiento metapsicol&oacute;gico y una formulaci&oacute;n del principio que gobierna el aparato ps&iacute;quico.<br />\r\n<br />\r\nEl primer momento marca la ruptura Principio de Constancia-Principio de Placer (v&iacute;a la experiencia de satisfacci&oacute;n), produciendo la tensi&oacute;n irreductible del deseo y la subversi&oacute;n temporal cronol&oacute;gica, en un inicial ordenamiento metapsicol&oacute;gico. Defensa y trauma, producci&oacute;n del inconsciente, proceso primario y trabajo ps&iacute;quico. Distinci&oacute;n entre inconsciente descriptivo y din&aacute;mico que da lugar al sujeto propio del Psicoan&aacute;lisis.<br />\r\n<br />\r\nEsta articulaci&oacute;n, as&iacute; como fundamentalmente se centra en el despliegue del inconsciente, sus leyes y dinamismo y el trabajo de interpretaci&oacute;n por el analista, nombra en la compulsi&oacute;n del s&iacute;ntoma al factor cuantitativo.<br />\r\n<br />\r\nLa introducci&oacute;n del concepto fundamental de pulsi&oacute;n redefine la causalidad de las neurosis, posibilitando el pasaje del trauma a la fantas&iacute;a y ordenando las coordenadas de la transferencia anal&iacute;tica.<br />\r\nLa concepci&oacute;n din&aacute;mica del inconsciente permite situar el fundamento de las neurosis de transferencia conectando inconsciente y represi&oacute;n.&nbsp;<br />\r\n<br />\r\nA su vez, la conexi&oacute;n pulsi&oacute;n y represi&oacute;n posibilita un nuevo ordenamiento metapsicol&oacute;gico; mientras que las articulaciones entre inconsciente y narcisismo permiten ubicar las peculiaridades del amor de transferencia y su valor resistencial en la cura, ya como el segundo de los momentos seg&uacute;n el referido Cap&iacute;tulo III de &quot;M&aacute;s all&aacute; del Principio de Placer&quot;.<br />\r\n<br />\r\nEn esta &eacute;poca de elaboraci&oacute;n de la doctrina, el segundo modelo pulsional permite formular la erogeneizaci&oacute;n del Yo y la distinci&oacute;n de las dos series del objeto, anticip&aacute;ndose con la libido no reversible el n&uacute;cleo inconsciente del Yo (Ello).<br />\r\n<br />\r\nLa segunda ruptura (Principio de Placer-M&aacute;s All&aacute; del Principio de Placer) redefine en la &uacute;ltima etapa la direcci&oacute;n de la cura, permitiendo a un tiempo resolver conceptualmente el obst&aacute;culo del amor de transferencia y una nueva consideraci&oacute;n del estatuto de la angustia.<br />\r\nEsta consideraci&oacute;n se va a sostener en el tercer modelo pulsional y en el &uacute;ltimo ordenamiento metapsicol&oacute;gico.<br />\r\n<br />\r\nLa articulaci&oacute;n entre sexualidad infantil con el nudo del ordenamiento ed&iacute;pico, la consideraci&oacute;n del problema econ&oacute;mico del masoquismo, y la ubicaci&oacute;n del complejo de castraci&oacute;n como n&uacute;cleo de la neurosis y referente del s&iacute;ntoma, sit&uacute;an las coordenadas de los obst&aacute;culos a la curaci&oacute;n en las resistencias del Ello y el Superyo.<br />\r\n<br />\r\nSi en el primer momento, situ&aacute;bamos el estatuto inaugural de la regla fundamental, y en el segundo la importancia de la respuesta &eacute;tica llamada regla de abstinencia, el tercer momento marca una declinaci&oacute;n de la interpretaci&oacute;n respecto a la que no retorna jam&aacute;s como recuerdo, abriendo el camino a la construcci&oacute;n.<br />\r\n<br />\r\n&iquest;Qu&eacute; es un Padre y qu&eacute; quiere una Mujer? se sit&uacute;an al final de la obra de Freud como interrogantes mayores en concordancia con la producci&oacute;n del analista como tal.</p>', '2018-12-30 16:46:19', 'admin', '2018-12-30 16:55:53', 'admin'),
	(2, 1, 2, 'Objetivos, modalidad de cursada y evaluación', NULL, NULL, '<p>TALLER DE EX&Aacute;MENES FINALES</p>\r\n\r\n<p>Estimados alumnos,</p>\r\n\r\n<p>Nos ponemos en contacto con ustedes para hacerles llegar informaci&oacute;n acerca de la materia electiva &ldquo;Construcci&oacute;n de los conceptos psicoanal&iacute;ticos&rdquo; (798), cuyo titular es el Profesor Dr. Osvaldo Delgado. La misma se articula con &ldquo;Psicoan&aacute;lisis Freud I&rdquo; ya que sostiene la misma orientaci&oacute;n en la operaci&oacute;n de lectura de los textos freudianos articul&aacute;ndolos, ahora, con la ense&ntilde;anza y los conceptos de Jacques Lacan.</p>\r\n\r\n<p>La materia consta de cinco m&oacute;dulos atravesados por un eje: &ldquo;la aptitud del analista&rdquo;. Es por eso que la bibliograf&iacute;a del espacio de Pr&aacute;cticos est&aacute; enmarcada con el texto de la Tesis de Doctorado del Profesor Osvaldo Delgado La aptitud del psicoanalista, poniendo el acento en la pr&aacute;ctica cl&iacute;nica a partir de la construcci&oacute;n y la l&oacute;gica de los casos.</p>\r\n\r\n<p>Por otro lado, en el espacio de Te&oacute;ricos se recorre el concepto de s&iacute;ntoma en su relaci&oacute;n con el goce y el cuerpo, situando dicha articulaci&oacute;n en el inicio, en el trayecto y en el final de una cura.</p>\r\n\r\n<p>Pensamos que es una materia absolutamente necesaria para volver a pensar, articular y construir conceptos freudianos que permiten una introducci&oacute;n a la ense&ntilde;anza y lectura de la obra de Lacan.</p>\r\n\r\n<p>La materia se dicta en primer y segundo cuatrimestre, y tambi&eacute;n en curso de verano. Tiene dos instancias de evaluaci&oacute;n: un parcial con una lista de preguntas orientadoras y un trabajo monogr&aacute;fico en el que cada alumno podr&aacute; elegir dos de esas preguntas para articular.</p>\r\n\r\n<p>Adem&aacute;s de la cursada, tenemos espacios optativos como Pasant&iacute;as Cl&iacute;nicas y Taller de escritura.</p>\r\n\r\n<p>Les adjuntamos el Programa y preguntas que ordenan la cursada de la materia. All&iacute; tienen toda la informaci&oacute;n detallada</p>\r\n\r\n<p>&iexcl;Est&aacute;n todos invitados! &iexcl;Los esperamos!</p>\r\n\r\n<hr />\r\n<p><a href="http://www.psicoanalisisfreud.com.ar/downloads/Temario%20Primer%20parcial%202018.pdf"><img src="http://www.psicoanalisisfreud.com.ar/imagenes/pdf.jpg" style="height:16px; width:16px" />&nbsp;Temario Primer Parcial 2018</a></p>\r\n\r\n<p><a href="http://www.psicoanalisisfreud.com.ar/downloads/Temario%202do%20parcial%202018.pdf"><img src="http://www.psicoanalisisfreud.com.ar/imagenes/pdf.jpg" style="height:16px; width:16px" />&nbsp;Temario Segundo Parcial 2018</a></p>\r\n\r\n<p>Objetivos, modalidad de cursada y evaluaci&oacute;n</p>\r\n\r\n<p>Objetivos<br />\r\nEn el ordenamiento curricular de la carrera, esta asignatura corresponde al primer a&ntilde;o. Por lo tanto los alumnos se acercan por primera vez al estudio sistem&aacute;tico de la obra de Freud.</p>\r\n\r\n<p>Partiendo de esta consideraci&oacute;n, se toman en cuenta las siguientes cuestiones para el dictado de la materia:<br />\r\n<br />\r\n1. Un ordenamiento l&oacute;gico de la obra de Freud, que respeta el valor de la producci&oacute;n conceptual en cada &eacute;poca. Por lo tanto, ni una transmisi&oacute;n meramente cronol&oacute;gica, ni una obturaci&oacute;n de las rupturas, obst&aacute;culos e &ldquo;impasses&rdquo; propios de cada &eacute;poca.</p>\r\n\r\n<p>2. Este ordenamiento ubica, siguiendo a Freud, tres grandes &eacute;pocas, tal como lo he detallado anteriormente. En esta perspectiva, destaco el valor nuclear del texto &ldquo;Inhibici&oacute;n, s&iacute;ntoma y angustia&rdquo;, en tanto que articula la dimensi&oacute;n libidinal del inconsciente, el s&iacute;ntoma como satisfacci&oacute;n y la defensa como mecanismo m&aacute;s abarcativo que el de represi&oacute;n. En este punto, se produce tanto la necesaria producci&oacute;n de un instrumento diverso de la interpretaci&oacute;n, como lo es la construcci&oacute;n y la problem&aacute;tica del final de an&aacute;lisis.</p>\r\n\r\n<p>3. El recorte de los contenidos y las pautas bibliogr&aacute;ficas orientadas pedag&oacute;gicamente dan cuentan de la dimensi&oacute;n did&aacute;ctica del programa propuesto.</p>\r\n\r\n<p>. Los te&oacute;ricos despliegan los grandes ejes de los tres momentos de la elaboraci&oacute;n freudiana.<br />\r\n. Los pr&aacute;cticos acompa&ntilde;ando ese ordenamiento centran el abordaje en la pregunta por cual es el obst&aacute;culo en cada &eacute;poca y como lo interroga y lo resuelve Freud.<br />\r\n. Los seminarios, siguiendo estas l&iacute;neas, est&aacute;n dedicados al &ldquo;quehacer&rdquo;del Psicoanalista en cada etapa doctrinaria.</p>\r\n\r\n<p>Modalidad de la cursada<br />\r\n6 (seis) horas semanales obligatorias, con el siguiente detalle:</p>\r\n\r\n<p>- 2 (dos) horas de clases te&oacute;ricas<br />\r\n- 2 (dos) horas de clases de seminario<br />\r\n- 2 (dos) horas de clases de trabajos pr&aacute;cticos</p>\r\n\r\n<p>A cada comisi&oacute;n de trabajos pr&aacute;cticos le corresponde un determinado te&oacute;rico y un seminario, en d&iacute;as y horas ya establecidas para la cursada. Se recomienda a los alumnos informarse adecuadamente de este &iacute;tem, antes de inscribirse en las comisiones.</p>\r\n\r\n<table border="1" cellpadding="5" cellspacing="1">\r\n	<tbody>\r\n		<tr>\r\n			<td>\r\n			<p><strong>M&oacute;dulos</strong></p>\r\n			</td>\r\n			<td>\r\n			<p><strong>Te&oacute;ricos</strong></p>\r\n			</td>\r\n			<td>\r\n			<p><strong>Pr&aacute;cticos</strong></p>\r\n			</td>\r\n			<td>\r\n			<p><strong>Seminarios</strong></p>\r\n			</td>\r\n		</tr>\r\n		<tr>\r\n			<td>\r\n			<p>A&nbsp;</p>\r\n			</td>\r\n			<td>\r\n			<p>Contexto hist&oacute;rico- social de la g&eacute;nesis de los conceptos freudianos. El psicoan&aacute;lisis y la modernidad.</p>\r\n			</td>\r\n			<td>\r\n			<p>Valor epistemol&oacute;gico del obst&aacute;culo, en la reforma de la raz&oacute;n freudiana.<br />\r\n			La subversi&oacute;n freudiana.</p>\r\n			</td>\r\n			<td>\r\n			<p>El ?que-hacer? del psicoanalista en cada &eacute;poca doctrinaria. Su importancia te&oacute;rico-cl&iacute;nica.</p>\r\n			</td>\r\n		</tr>\r\n		<tr>\r\n			<td>\r\n			<p>B&nbsp;</p>\r\n			</td>\r\n			<td>\r\n			<p>Apertura del inconsciente (del descriptivo al din&aacute;mico) La ?bisagra? inconsciente- sexualidad. Los complejos nucleares: Edipo y castraci&oacute;n.</p>\r\n			</td>\r\n			<td>\r\n			<p>Los obst&aacute;ulos en la producci&oacute;n del inconsciente. Represi&oacute;n y pulsi&oacute;n. Organizaci&oacute;n f&iacute;sica. Articulaci&oacute;n e ?impasses?</p>\r\n			</td>\r\n			<td>\r\n			<p>El analista int&eacute;rprete del inconsciente. De la escena traum&aacute;tica a la fantas&iacute;a. Lo original de la interpretaci&oacute;n psicoanal&iacute;tica.</p>\r\n			</td>\r\n		</tr>\r\n		<tr>\r\n			<td>\r\n			<p>C</p>\r\n			</td>\r\n			<td>\r\n			<p>Cierre del inconsciente. Transferencia positiva y negativa. Transferencia y repetici&oacute;n.</p>\r\n			</td>\r\n			<td>\r\n			<p>El problema de la satisfacci&oacute;n en la cura. La neurosis de transferencia.</p>\r\n			</td>\r\n			<td>\r\n			<p>Dimensi&oacute;n t&iacute;pica de la regla de abstinencia. T&iacute;pica y moral. Sugesti&oacute;n y transferencia.</p>\r\n			</td>\r\n		</tr>\r\n		<tr>\r\n			<td>\r\n			<p>D</p>\r\n			</td>\r\n			<td>\r\n			<p>De la formaci&oacute;n sustitutiva a la satisfacci&oacute;n en el s&iacute;ntoma. El inconsciente libidinal. Las resistencias estructurales.</p>\r\n			</td>\r\n			<td>\r\n			<p>S&iacute;ntoma y car&aacute;cter. Represi&oacute;n y defensa. Obst&aacute;culos a la conclusi&oacute;n de la cura.</p>\r\n			</td>\r\n			<td>\r\n			<p>Interpretaci&oacute;n y construcci&oacute;n en el horizonte de la problem&aacute;tica del final de an&aacute;isis.</p>\r\n			</td>\r\n		</tr>\r\n		<tr>\r\n			<td>\r\n			<p>E</p>\r\n			</td>\r\n			<td>\r\n			<p>El legado freudiano en la postmodernidad. La actualidad del malestar en la cultura.</p>\r\n			</td>\r\n			<td>\r\n			<p>La eficacia psicoanal?ica y el debate con las terapias alternativas.</p>\r\n			</td>\r\n			<td>\r\n			<p>El psicoanalista en la ciudad. Su lugar en la salud mental y en el pensamiento contempor&aacute;neo.</p>\r\n			</td>\r\n		</tr>\r\n	</tbody>\r\n</table>\r\n\r\n<p>&nbsp;</p>\r\n\r\n<p>Sistema de evaluaci&oacute;n</p>\r\n\r\n<p>A. Instrumentos de evaluaci&oacute;n<br />\r\nLa evaluaci&oacute;n del cumplimiento de los objetivos de aprendizaje se realiza mediante tres ex&aacute;menes parciales escritos cuyas preguntas remiten a lo trabajado en te&oacute;ricos, pr&aacute;cticos y seminarios.<br />\r\nEn cada uno de los tres parciales los alumnos deben responder una pregunta de te&oacute;ricos, una de trabajos pr&aacute;cticos, una de seminarios y una de articulaci&oacute;n de las tres instancias.</p>\r\n\r\n<p>B. Condici&oacute;n de regularidad<br />\r\n&bull; Para mantener la condici&oacute;n de alumno regular se deber&aacute; cumplir los siguientes requisitos:<br />\r\n&bull; Concurrir como m&iacute;nimo al 75 % de las actividades obligatorias de la c&aacute;tedra.&nbsp;<br />\r\n&bull; Rendir tres ex&aacute;menes parciales, escritos.</p>\r\n\r\n<p>Una vez cumplidos estos requisitos el alumno queda en condici&oacute;n de alumno regular sujeto a dos reg&iacute;menes de promoci&oacute;n:</p>\r\n\r\n<p>C. R&eacute;gimen de promoci&oacute;n<br />\r\n<br />\r\n<strong>- Promoci&oacute;n sin examen final:</strong><br />\r\nEn el caso de obtener m&iacute;nimo 7 (siete) puntos en cada uno de los tres parciales, el alumno promueve la materia sin examen final.<br />\r\n<br />\r\n<strong>- Promoci&oacute;n con examen final:</strong><br />\r\nEn caso de obtener un promedio m&iacute;nimo de 4 (cuatro) puntos en los tres parciales, no pudiendo ser inferior a 4 (cuatro) la nota del segundo parcial o de su recuperatorio, el alumno esta en condiciones de rendir examen final.<br />\r\n&nbsp;</p>\r\n\r\n<p>D. Recuperatorios de examen<br />\r\n<br />\r\nEl alumno podr&aacute; rendir examen recuperatorio &ndash;en la fecha oportunamente establecida por el docente a cargo del curso- en caso de ser reprobado en las instancias de evaluaci&oacute;n con el fin de regularizar su situaci&oacute;n y poder rendir examen final.&nbsp;<br />\r\nEn caso de ausencia por enfermedad, por motivos de trabajo o superposici&oacute;n de horarios con otras materias en la fecha del examen, el alumno deber&aacute; presentar en el momento del recuperatorio la certificaci&oacute;n correspondiente.&nbsp;</p>', '2018-12-30 16:52:04', 'admin', '2018-12-30 16:55:49', 'admin'),
	(3, 1, 3, 'Programa de la materia', NULL, NULL, '<p>Programa de la Materia</p>\r\n\r\n<p><a href="http://www.psicoanalisisfreud.com.ar/downloads/Programa-2018.pdf"><img src="http://www.psicoanalisisfreud.com.ar/imagenes/pdf.jpg" style="height:16px; width:16px" />&nbsp;Descargar Programa</a></p>\r\n\r\n<p><a href="http://www.psicoanalisisfreud.com.ar/downloads/Programa-2018-en-columnas.pdf"><img src="http://www.psicoanalisisfreud.com.ar/imagenes/pdf.jpg" style="height:16px; width:16px" />&nbsp;Descargar Programa en columnas</a></p>\r\n\r\n<p>&nbsp;</p>\r\n\r\n<p><strong>Programa 2018</strong></p>\r\n\r\n<p><strong>PSICOAN&Aacute;LISIS: FREUD I (c&oacute;digo 049) - Profesor Titular Regular Dr. Osvaldo L. Delgado</strong></p>\r\n\r\n<p><strong>Dictado Anual</strong></p>\r\n\r\n<p>&nbsp;</p>\r\n\r\n<p><strong>1. Introducci&oacute;n</strong></p>\r\n\r\n<p><strong>1.1 Criterios y objeto de la ense&ntilde;anza</strong></p>\r\n\r\n<p>El abordaje que anuda criterio y objeto de la ense&ntilde;anza en esta asignatura, es la referencia del mismo Freud en el cap&iacute;tulo III de &ldquo;M&aacute;s all&aacute; del principio de placer&rdquo;, respecto a los tres momentos de la t&eacute;cnica psicoanal&iacute;tica.</p>\r\n\r\n<p>Estos tres momentos son:</p>\r\n\r\n<p>1. El arte de la interpretaci&oacute;n.</p>\r\n\r\n<p>2. El levantamiento de las resistencias.</p>\r\n\r\n<p>3. La operaci&oacute;n respecto a las resistencias estructurales.</p>\r\n\r\n<p>El texto referido, en la medida que enmarca el &uacute;ltimo y fundamental giro de la producci&oacute;n freudiana, puede ser un faro orientador para abarcar tan vasta obra.</p>\r\n\r\n<p>Este ordenamiento permite leer anticipaciones en estado pr&aacute;ctico, ubicando al mismo tiempo como, ciertos t&eacute;rminos tienen un valor distinto de acuerdo al estado de la doctrina en cada momento.</p>\r\n\r\n<p>Cada uno de los tres momentos define:</p>\r\n\r\n<p>Un ordenamiento del aparato ps&iacute;quico.</p>\r\n\r\n<p>Una conceptualizaci&oacute;n del padecimiento.</p>\r\n\r\n<p>Un criterio sobre la finalidad de la cura.</p>\r\n\r\n<p>Una formulaci&oacute;n espec&iacute;fica del lugar del psicoanalista.</p>\r\n\r\n<p>El primer momento tiene un clivaje fundamental, en la medida que abarca la consideraci&oacute;n del inconsciente descriptivo y del din&aacute;mico. Es pasible de ser ordenado a partir de la formulaci&oacute;n de la regla de la asociaci&oacute;n libre.</p>\r\n\r\n<p>El segundo momento alcanza el obst&aacute;culo del amor de transferencia y la regla de abstinencia.</p>\r\n\r\n<p>El tercero reordena esa problem&aacute;tica a partir de la inclusi&oacute;n de la pulsi&oacute;n de muerte hasta la consideraci&oacute;n del fin del an&aacute;lisis.</p>\r\n\r\n<p><strong>1.2 Lugar que ocupa la asignatura en el Plan de Estudios</strong></p>\r\n\r\n<p>En el ordenamiento curricular de la carrera, esta asignatura corresponde al primer a&ntilde;o del Ciclo de formaci&oacute;n general. Por lo tanto los alumnos se acercan por primera vez al estudio sistem&aacute;tico de la obra de Freud.</p>\r\n\r\n<p><strong>1.3 Aporte de la asignatura en la Formaci&oacute;n Profesional</strong></p>\r\n\r\n<p>Introduce al alumno al conocimiento de la g&eacute;nesis de los conceptos del psicoan&aacute;lisis aproxim&aacute;ndolo a la metapsicolog&iacute;a freudiana como nuevo campo del saber. Permite un nuevo abordaje epistemol&oacute;gico. Aproxima al alumno a la constituci&oacute;n del campo cl&iacute;nico en su diferencia con el resto de las corrientes de la psicolog&iacute;a. Aporta las bases para el abordaje de la psicopatolog&iacute;a y para acceder a las Pr&aacute;cticas Profesionales que la carrera ofrece. Brinda elementos para la investigaci&oacute;n en psicoan&aacute;lisis.</p>\r\n\r\n<p><strong>1.4 Enfoque adoptado por la C&aacute;tedra: ubicaci&oacute;n de los conceptos a trabajar en cada uno de los tres momentos propuestos</strong></p>\r\n\r\n<p>Cada uno de los momentos ubica de un modo singular el conflicto, y a cada uno le corresponde una modalidad de respuesta.</p>\r\n\r\n<p>Este trayecto sit&uacute;a la construcci&oacute;n del aparato ps&iacute;quico en t&eacute;rminos de instancias articuladas y separadas, un ordenamiento metapsicol&oacute;gico y una formulaci&oacute;n del principio que gobierna el aparato ps&iacute;quico.</p>\r\n\r\n<p>El primer momento marca la ruptura principio de constancia-principio de placer (v&iacute;a la experiencia de satisfacci&oacute;n), produciendo la tensi&oacute;n irreductible del deseo y la subversi&oacute;n temporal cronol&oacute;gica, en un inicial ordenamiento metapsicol&oacute;gico. Defensa y trauma, producci&oacute;n del inconsciente, proceso primario y trabajo ps&iacute;quico. Distinci&oacute;n entre inconsciente descriptivo y din&aacute;mico que da lugar al sujeto propio del psicoan&aacute;lisis. Esta articulaci&oacute;n, as&iacute; como fundamentalmente se centra en el despliegue del inconsciente, sus leyes y dinamismo y el trabajo de interpretaci&oacute;n por el analista, nombra en la compulsi&oacute;n del s&iacute;ntoma al factor cuantitativo.</p>\r\n\r\n<p>La introducci&oacute;n del concepto fundamental de pulsi&oacute;n redefine la causalidad de las neurosis, posibilitando el pasaje del trauma a la fantas&iacute;a y ordenando las coordenadas de la transferencia anal&iacute;tica.</p>\r\n\r\n<p>La concepci&oacute;n din&aacute;mica del inconsciente permite situar el fundamento de las neurosis de transferencia conectando inconsciente y represi&oacute;n. A su vez, la conexi&oacute;n pulsi&oacute;n y represi&oacute;n posibilita un nuevo ordenamiento metapsicol&oacute;gico; mientras que las articulaciones entre inconsciente y narcisismo permiten ubicar las peculiaridades del amor de transferencia y su valor resistencial en la cura, ya como el segundo de los momentos seg&uacute;n el referido cap&iacute;tulo III de &ldquo;M&aacute;s all&aacute; del principio de placer&rdquo;.</p>\r\n\r\n<p>En esta &eacute;poca de elaboraci&oacute;n de la doctrina, el segundo modelo pulsional permite formular la erogeneizaci&oacute;n del yo y la distinci&oacute;n de las dos series del objeto, anticip&aacute;ndose con la libido no reversible el n&uacute;cleo inconsciente del yo (ello).</p>\r\n\r\n<p>La segunda ruptura (principio de placer-m&aacute;s all&aacute; del principio de placer) redefine en la &uacute;ltima etapa la direcci&oacute;n de la cura, permitiendo a un tiempo resolver conceptualmente el obst&aacute;culo del amor de transferencia y una nueva consideraci&oacute;n del estatuto de la angustia.</p>\r\n\r\n<p>Esta consideraci&oacute;n se va a sostener en el tercer modelo pulsional y en el &uacute;ltimo ordenamiento metapsicol&oacute;gico. La articulaci&oacute;n entre sexualidad infantil con el nudo del ordenamiento ed&iacute;pico, la consideraci&oacute;n del problema econ&oacute;mico del masoquismo, y la ubicaci&oacute;n del complejo de castraci&oacute;n como n&uacute;cleo de la neurosis y referente del s&iacute;ntoma, sit&uacute;an las coordenadas de los obst&aacute;culos a la curaci&oacute;n en las resistencias del ello y el supery&oacute;.</p>\r\n\r\n<p>Si en el primer momento, situ&aacute;bamos el estatuto inaugural de la regla fundamental, y en el segundo la importancia de la respuesta &eacute;tica llamada regla de abstinencia, el tercer momento marca una declinaci&oacute;n de la interpretaci&oacute;n respecto a la que no retorna jam&aacute;s como recuerdo, abriendo el camino a la construcci&oacute;n.</p>\r\n\r\n<p>&iquest;Qu&eacute; es un Padre y qu&eacute; quiere una Mujer? se sit&uacute;an al final de la obra de Freud como interrogantes mayores en concordancia con la producci&oacute;n del analista como tal.</p>\r\n\r\n<p><strong>2. Objetivos</strong></p>\r\n\r\n<p>En el ordenamiento curricular de la carrera, esta asignatura corresponde al primer a&ntilde;o. Por lo tanto los alumnos se acercan por primera vez al estudio sistem&aacute;tico de la obra de Freud.</p>\r\n\r\n<p>Partiendo de esta consideraci&oacute;n, se toman en cuenta las siguientes cuestiones para el dictado de la materia:</p>\r\n\r\n<p>1. El alumno debe lograr conocer el ordenamiento l&oacute;gico de la obra de Freud, que respeta el valor de la producci&oacute;n conceptual en cada &eacute;poca. Por lo tanto, ni una transmisi&oacute;n meramente cronol&oacute;gica, ni una obturaci&oacute;n de las rupturas, obst&aacute;culos e&nbsp;<em>impasses</em>&nbsp;propios de cada &eacute;poca.</p>\r\n\r\n<p>2. Este ordenamiento le permitir&aacute; identificar, siguiendo a Freud, tres grandes &eacute;pocas, tal como lo he detallado anteriormente. En esta perspectiva, destaco el valor nuclear del texto &ldquo;Inhibici&oacute;n, s&iacute;ntoma y angustia&rdquo;, en tanto que articula la dimensi&oacute;n libidinal del inconsciente, el s&iacute;ntoma como satisfacci&oacute;n y la defensa como mecanismo m&aacute;s abarcativo que el de represi&oacute;n. En este punto, se produce tanto la necesaria producci&oacute;n de un instrumento diverso de la interpretaci&oacute;n, como lo es la construcci&oacute;n y la problem&aacute;tica del final de an&aacute;lisis.</p>\r\n\r\n<p>3. El alumno integrar&aacute; la dimensi&oacute;n did&aacute;ctica del programa propuesta a partir del recorte de los contenidos y las pautas bibliogr&aacute;ficas orientadas pedag&oacute;gicamente.</p>\r\n\r\n<p>&bull; Los te&oacute;ricos despliegan los grandes ejes de los tres momentos de la elaboraci&oacute;n freudiana.</p>\r\n\r\n<p>&bull; Los pr&aacute;cticos acompa&ntilde;ando ese ordenamiento centran el abordaje en la pregunta por cual es el obst&aacute;culo en cada &eacute;poca y como lo interroga y lo resuelve Freud.</p>\r\n\r\n<p>&bull; Los seminarios, siguiendo estas l&iacute;neas, est&aacute;n dedicados al &ldquo;quehacer&rdquo; del psicoanalista en cada etapa doctrinaria.</p>\r\n\r\n<p><strong>3. Contenidos y bibliograf&iacute;a</strong></p>\r\n\r\n<p><strong>Psicoan&aacute;lisis: Freud I (049) - Profesor Titular Regular Dr. Osvaldo L. Delgado</strong></p>\r\n\r\n<p><strong>Programa 2018</strong></p>\r\n\r\n<p><strong>3.1 Te&oacute;ricos</strong></p>\r\n\r\n<p><strong>M&oacute;dulo A: El psicoan&aacute;lisis y la modernidad. Contexto hist&oacute;rico-social de la g&eacute;nesis de los conceptos freudianos. La reforma de la raz&oacute;n freudiana.</strong></p>\r\n\r\n<p><strong>Clases 1 y 2: El sujeto del psicoan&aacute;lisis.</strong></p>\r\n\r\n<p><strong>Contenidos:</strong>&nbsp;La invenci&oacute;n del psicoan&aacute;lisis. El campo in&eacute;dito abierto por Freud. Sujeto cartesiano. Responsabilidad. Sujeto para el psicoan&aacute;lisis. Las referencias conceptuales y las rupturas. Introducci&oacute;n al concepto de metapsicolog&iacute;a.&nbsp;<em>Naturwisenschaft</em>. Par&aacute;lisis org&aacute;nica, par&aacute;lisis hist&eacute;rica.</p>\r\n\r\n<p><strong>Bibliograf&iacute;a obligatoria</strong></p>\r\n\r\n<p>Delgado, O. (2014).&nbsp;<em>Lecturas freudianas 2</em>. Parte 5: clase 1. Buenos Aires: UNSAM.</p>\r\n\r\n<p>Freud, S. (1892). Carta 69. En<em>&nbsp;Obras completas</em>. Tomo I. Buenos Aires: Amorrortu.</p>\r\n\r\n<p>Freud, S. (1893 [1888-93]). Algunas consideraciones con miras a un estudio comparativo de las par&aacute;lisis motrices org&aacute;nicas e hist&eacute;ricas. En<em>Obras completas</em>. Tomo I. Buenos Aires: Amorrortu.</p>\r\n\r\n<p>Descartes, R. Segunda Meditaci&oacute;n. En&nbsp;<em>Meditaciones metaf&iacute;sicas.&nbsp;</em>Santiago de Chile: Universitaria.</p>\r\n\r\n<p>Kant, I. Filosof&iacute;a de la historia. En&nbsp;<em>Respuesta a la pregunta &iquest;qu&eacute; es la ilustraci&oacute;n?</em>&nbsp;Caronte Filosof&iacute;a.</p>\r\n\r\n<p><strong>Bibliograf&iacute;a optativa</strong></p>\r\n\r\n<p>Delgado O. (2011). La aptitud de analista: una respuesta in&eacute;dita frente a lo contempor&aacute;neo. En&nbsp;<em>Conjeturas psicoanal&iacute;ticas</em>. Buenos Aires: JCE Ediciones.</p>\r\n\r\n<p>Delgado O. (2011). El psicoan&aacute;lisis en el debate contempor&aacute;neo. En&nbsp;<em>Conjeturas psicoanal&iacute;ticas</em>. Buenos Aires: JCE Ediciones.</p>\r\n\r\n<p>Freud, S. (1899). Carta 125 (9 de diciembre de 1899). En<em>&nbsp;Obras completas</em>. Tomo I. Buenos Aires: Amorrortu.</p>\r\n\r\n<p>Alem&aacute;n, J. (2006). Iluminismo abierto a lo otro de la Raz&oacute;n. Entrevista realizada por M&aacute;ximo Recalcati. En&nbsp;<em>El porvenir del inconsciente</em>. Buenos Aires: Grama, p. 143.</p>\r\n\r\n<p>Bercherie, P. (1996). Tercera parte: G&eacute;nesis y evoluci&oacute;n de la metapsicolog&iacute;a freudiana. En&nbsp;<em>G&eacute;nesis de los conceptos freudianos</em>. Buenos Aires: Paid&oacute;s.</p>\r\n\r\n<p>Cottet, S. (1988).&nbsp;<em>Freud y el deseo del psicoanalista</em>. Cap&iacute;tulo II. Buenos Aires: Manantial.</p>\r\n\r\n<p>Cassullo, N. (1991). La desintegraci&oacute;n de un mundo. Bruno Bettelheim. En&nbsp;<em>La remoci&oacute;n de lo moderno: Viena del 900</em>. Buenos Aires: Nueva Visi&oacute;n.</p>\r\n\r\n<p>Tubert, S. (1999).&nbsp;<em>Malestar en la palabra: el pensamiento cr&iacute;tico de Freud y la Viena de su tiempo</em>. Cap&iacute;tulo 1. Madrid: Biblioteca nueva.</p>\r\n\r\n<p><strong>M&oacute;dulo B: El gozne inconsciente-sexualidad.</strong></p>\r\n\r\n<p><strong>Clases 3 y 4: Trauma - Defensa - Yo.</strong></p>\r\n\r\n<p><strong>Contenidos:&nbsp;</strong>Nociones, conceptos y supuestos a desarrollar para las neurosis de defensa. Etiolog&iacute;a sexual, Mecanismo ps&iacute;quico de la defensa (represi&oacute;n). Escisi&oacute;n de la conciencia con formaci&oacute;n de grupos ps&iacute;quicos separados. F&oacute;rmula can&oacute;nica de la neurosis. Estatuto del yo. Defensa y estructuras cl&iacute;nicas. Primera teor&iacute;a de la angustia.</p>\r\n\r\n<p><strong>Bibliograf&iacute;a obligatoria</strong></p>\r\n\r\n<p>Delgado, O. (2012).&nbsp;<em>Lecturas freudianas 1</em>. Parte I: Primeros desarrollos freudianos. Clases 1, 2, 3, 4 y 5. Buenos Aires: UNSAM.</p>\r\n\r\n<p>Freud, S. (1896). Manuscrito K. Las neurosis de defensa. (Un cuento de Navidad) (1&deg; de enero de 1896). En<em>&nbsp;Obras completas</em>. Tomo I. Buenos Aires: Amorrortu.</p>\r\n\r\n<p>Freud, S. (1950 [1895]). Proyecto de psicolog&iacute;a. Parte II: Psicopatolog&iacute;a. La&nbsp;<em>proton pseudos</em>&nbsp;hist&eacute;rica (Caso Emma). En<em>&nbsp;Obras completas</em>. Tomo I. Buenos Aires: Amorrortu, p. 400.</p>\r\n\r\n<p>Delgado, O. (2005). En los albores, la defensa. En&nbsp;<em>La subversi&oacute;n freudiana y sus consecuencias</em>. Buenos Aires: JVE Ediciones.</p>\r\n\r\n<p>Delgado, O. (2005). Apuntes para la concepci&oacute;n del trauma en la obra de Freud. En&nbsp;<em>La subversi&oacute;n freudiana y sus consecuencias.</em>&nbsp;Buenos Aires: JVE Ediciones.</p>\r\n\r\n<p>Freud, S. (1894). Sobre la justificaci&oacute;n de separar la neurastenia de un determinado s&iacute;ndrome en calidad de &laquo;neurosis de angustia&raquo;. En<em>&nbsp;Obras completas</em>. Tomo III. Buenos Aires: Amorrortu.</p>\r\n\r\n<p><strong>Bibliograf&iacute;a optativa</strong></p>\r\n\r\n<p>Freud, S. (1896). La herencia y la etiolog&iacute;a de las neurosis. En<em>&nbsp;Obras completas</em>. Tomo III. Buenos Aires: Amorrortu.</p>\r\n\r\n<p>Jones, E. (2003).&nbsp;<em>Vida y obra de Sigmund Freud</em>. Cap&iacute;tulo 11: El per&iacute;odo Breuer. Edici&oacute;n abreviada. Buenos Aires: Anagrama.</p>\r\n\r\n<p><strong>Clases 5, 6, 7 y 8: Apertura del inconsciente, del descriptivo al din&aacute;mico.</strong></p>\r\n\r\n<p><strong>Contenidos:&nbsp;</strong>Modelo del inconsciente. Sistemas percepci&oacute;n-conciencia. Polo perceptivo-polo motor. Proceso primario-proceso secundario. Regresi&oacute;n: t&oacute;pica, temporal y formal. El trabajo del sue&ntilde;o. Condensaci&oacute;n y desplazamiento. Cumplimiento y realizaci&oacute;n de deseo. Pasaje del trauma a la fantas&iacute;a. La sexualidad infantil. Primer modelo pulsional: pulsiones de autoconservaci&oacute;n y pulsiones sexuales. El lugar de la fantas&iacute;a, su estatuto.</p>\r\n\r\n<p><strong>Bibliograf&iacute;a obligatoria</strong></p>\r\n\r\n<p>Delgado, O. (2012).&nbsp;<em>Lecturas freudianas 1</em>. Parte 2: Fantas&iacute;a y pulsi&oacute;n. Parte 3: De la experiencia de satisfacci&oacute;n a los sue&ntilde;os. Buenos Aires: UNSAM.</p>\r\n\r\n<p>Freud, S. (1896). Carta 52 (6 de diciembre de 1896). En<em>&nbsp;Obras completas</em>. Tomo I. Buenos Aires: Amorrortu.</p>\r\n\r\n<p>Freud, S. (1900). La interpretaci&oacute;n de los sue&ntilde;os. Cap&iacute;tulo VII: Sobre la psicolog&iacute;a de los procesos on&iacute;ricos. Punto B: La Regresi&oacute;n. Punto C: Acerca del cumplimiento de deseo.</p>\r\n\r\n<p>Punto E: El proceso Primario -el proceso secundario- la represi&oacute;n. En&nbsp;<em>Obras completas</em>. Tomo V. Buenos Aires: Amorrortu.</p>\r\n\r\n<p>Freud, S. (1910). La perturbaci&oacute;n psic&oacute;gena de la visi&oacute;n seg&uacute;n el psicoan&aacute;lisis. En&nbsp;<em>Obras completas</em>. Tomo XI. Buenos Aires: Amorrortu.</p>\r\n\r\n<p>Freud, S. (1906 [1905]). Mis tesis sobre el papel de la sexualidad en la etiolog&iacute;a de las neurosis. En<em>&nbsp;Obras completas</em>. Tomo VII. Buenos Aires: Amorrortu.</p>\r\n\r\n<p>Freud, S. (1905). Tres ensayos de teor&iacute;a sexual. Apartado I, puntos 1, 4 y 5. Apartado II. En&nbsp;<em>Obras completas</em>. Tomo VII. Buenos Aires: Amorrortu.</p>\r\n\r\n<p>Freud, S. (1908). Fantas&iacute;as hist&eacute;ricas y su relaci&oacute;n con la bisexualidad. En<em>Obras completas</em>. Tomo IX. Buenos Aires: Amorrortu.</p>\r\n\r\n<p>Delgado, O. (2005). Apuntes para una concepci&oacute;n del trauma. Punto 1. En&nbsp;<em>La subversi&oacute;n freudiana y sus consecuencias.</em>&nbsp;Buenos Aires: JVE Ediciones.</p>\r\n\r\n<p><strong>Bibliograf&iacute;a optativa</strong></p>\r\n\r\n<p>Freud, S. (1908 [1907]). El creador literario y el fantaseo. En<em>&nbsp;Obras completas</em>. Tomo IX. Buenos Aires: Amorrortu.</p>\r\n\r\n<p>Freud, S. (1905). Tres ensayos de teor&iacute;a sexual. Punto III: Las metamorfosis de la pubertad. En<em>&nbsp;Obras completas</em>. Tomo VII. Buenos Aires: Amorrortu.</p>\r\n\r\n<p><strong>Clase 9: Repaso previo al 1&deg; parcial.</strong></p>\r\n\r\n<p><strong>Clases 10, 11, 12, 13, 14 y 15: Primer ordenamiento metapsicol&oacute;gico.</strong></p>\r\n\r\n<p><strong>Contenidos:&nbsp;</strong>La metapsicolog&iacute;a. Pulsi&oacute;n. Concepto l&iacute;mite. Pulsi&oacute;n y sexualidad. Segundo modelo pulsional. Introducci&oacute;n del narcisismo. Libido del yo - Libido objetal. Narcisismo primario, narcisismo secundario. Autoerotismo. Identificaci&oacute;n. Ideal del yo. Yo ideal.</p>\r\n\r\n<p>Identificaci&oacute;n primaria. Represi&oacute;n: pilar fundamental del edificio del psicoan&aacute;lisis. Represi&oacute;n primaria y secundaria. Sus tres fases: fijaci&oacute;n, represi&oacute;n propiamente dicha, fracaso de la represi&oacute;n y retorno de lo reprimido. Fijaci&oacute;n como detenci&oacute;n del movimiento de la pulsi&oacute;n.</p>\r\n\r\n<p>Leyes de la actividad inconsciente: ausencia de contradicci&oacute;n, car&aacute;cter atemporal. Sustituci&oacute;n de la realidad externa por la ps&iacute;quica. Representaci&oacute;n cosa y representaci&oacute;n palabra. Segunda teor&iacute;a de la angustia.</p>\r\n\r\n<p><strong>Bibliograf&iacute;a obligatoria</strong></p>\r\n\r\n<p>Delgado, O. (2012).&nbsp;<em>Lecturas freudianas 1</em>. Parte 2: Fantas&iacute;a y pulsi&oacute;n. Buenos Aires: UNSAM.</p>\r\n\r\n<p>Freud, S. (1915). Lo inconsciente. Cap&iacute;tulos I, V y VI. En<em>&nbsp;Obras completas</em>. Tomo XIV. Buenos Aires: Amorrortu.</p>\r\n\r\n<p>Freud, S. (1912). Nota sobre el concepto de lo inconsciente en psicoan&aacute;lisis. En<em>&nbsp;Obras completas</em>. Tomo XII. Buenos Aires: Amorrortu.</p>\r\n\r\n<p>Freud, S. (1911 [1910]). Puntualizaciones psicoanal&iacute;ticas sobre un caso de paranoia (<em>Dementia paranoides</em>) descrito autobiogr&aacute;ficamente. Parte III: Acerca del mecanismo paranoico. En<em>&nbsp;Obras completas</em>. Tomo XII. Buenos Aires: Amorrortu, pp. 62-63.</p>\r\n\r\n<p>Freud, S. (1914). Introducci&oacute;n del narcisismo. En<em>&nbsp;Obras completas</em>. Tomo XIV. Buenos Aires: Amorrortu.</p>\r\n\r\n<p>Freud, S. (1921). Psicolog&iacute;a de las masas y an&aacute;lisis del yo. Cap&iacute;tulo VII. En<em>Obras completas</em>. Tomo XVIII. Buenos Aires: Amorrortu.</p>\r\n\r\n<p>Freud, S. (1909). An&aacute;lisis de la fobia de un ni&ntilde;o de cinco a&ntilde;os (El peque&ntilde;o Hans). Epicrisis. En<em>&nbsp;Obras completas</em>. Tomo X. Buenos Aires: Amorrortu, pp. 84-117.</p>\r\n\r\n<p><strong>Bibliograf&iacute;a optativa</strong></p>\r\n\r\n<p>Freud, S. (1915). Lo inconsciente. En<em>&nbsp;Obras completas</em>. Tomo XIV. Buenos Aires: Amorrortu.</p>\r\n\r\n<p>Freud, S. (1917 [1916-1917]). 26&ordf; conferencia. Teor&iacute;a de la libido y el narcisismo. En<em>&nbsp;Obras completas</em>. Tomo XVI. Buenos Aires: Amorrortu.</p>\r\n\r\n<p><strong>Clases 16, 17 y 18: Complejo nuclear de la neurosis.</strong></p>\r\n\r\n<p><strong>Contenidos:&nbsp;</strong>Edipo-castraci&oacute;n. Primado del falo. Amenaza de castraci&oacute;n. Desconocimiento de la falta. Desmentida y condici&oacute;n er&oacute;tica. Tramitaci&oacute;n ed&iacute;pica en la ni&ntilde;a. Tres orientaciones en el desarrollo de la sexualidad en la ni&ntilde;a: inhibici&oacute;n o neurosis complejo de masculinidad y salida normal. Supery&oacute;. Contribuciones a la psicolog&iacute;a del amor.</p>\r\n\r\n<p><strong>Bibliograf&iacute;a obligatoria</strong></p>\r\n\r\n<p>Delgado, O. (2014).&nbsp;<em>Lecturas freudianas 2</em>. Parte 2: clases 1, 2 y 3. Buenos Aires: UNSAM.</p>\r\n\r\n<p>Freud, S. (1918). El tab&uacute; de la virginidad. Contribuciones a la psicolog&iacute;a del amor. En<em>&nbsp;Obras completas</em>. Tomo XI. Buenos Aires: Amorrortu.</p>\r\n\r\n<p>Freud, S. (1931). Sobre la sexualidad femenina. En<em>&nbsp;Obras completas</em>. Tomo XXI. Buenos Aires: Amorrortu.</p>\r\n\r\n<p>Freud, S. (1933 [1932]). Nuevas conferencias de introducci&oacute;n al psicoan&aacute;lisis. 33&ordf; conferencia. La feminidad. En<em>&nbsp;Obras completas</em>. Tomo XXII. Buenos Aires: Amorrortu.</p>\r\n\r\n<p>Freud, S. (1921). Psicolog&iacute;a de las masas y an&aacute;lisis del yo. Cap&iacute;tulos VII y VIII. En<em>&nbsp;Obras completas</em>. Tomo XVIII. Buenos Aires: Amorrortu.</p>\r\n\r\n<p><strong>Bibliograf&iacute;a optativa</strong></p>\r\n\r\n<p>Delgado, O. (2011). El complejo de Edipo como operador estructural. En&nbsp;<em>Conjeturas Psicoanal&iacute;ticas</em>. Buenos Aires: JCE Ediciones.</p>\r\n\r\n<p>Delgado, O. (2005). Consideraciones cr&iacute;ticas de la concepci&oacute;n freudiana de los complejos de Edipo y castraci&oacute;n. En&nbsp;<em>La subversi&oacute;n freudiana y sus consecuencias</em>. Buenos Aires: JVE Ediciones.</p>\r\n\r\n<p>Delgado O. (2011). El lugar del analista cuando falla la &ldquo;autoterapia&rdquo; en una psicosis. En&nbsp;<em>Conjeturas Psicoanal&iacute;ticas</em>. Buenos Aires: JCE Ediciones.</p>\r\n\r\n<p>Freud, S. (1910). Sobre un tipo particular de elecci&oacute;n de objeto en el hombre (Contribuciones a la psicolog&iacute;a del amor, I). En<em>&nbsp;Obras completas</em>. Tomo XI. Buenos Aires: Amorrortu.</p>\r\n\r\n<p>Freud, S. (1912). Sobre la m&aacute;s generalizada degradaci&oacute;n de la vida amorosa (Contribuciones a la psicolog&iacute;a del amor, II). En<em>&nbsp;Obras completas</em>. Tomo XI. Buenos Aires: Amorrortu.</p>\r\n\r\n<p>S&oacute;focles (1995).&nbsp;<em>Edipo Rey</em>. Buenos Aires: Planeta.</p>\r\n\r\n<p><strong>Clase 19: Repaso previo al 2&deg; parcial.</strong></p>\r\n\r\n<p><strong>M&oacute;dulo C: Segunda t&oacute;pica.</strong></p>\r\n\r\n<p><strong>Clases 20, 21, 22, 23 y 24: Segundo reordenamiento metapsicol&oacute;gico.</strong></p>\r\n\r\n<p><strong>Contenidos:&nbsp;</strong>Introducci&oacute;n de la pulsi&oacute;n de muerte. Tercer modelo pulsional. Consecuencias te&oacute;rico-cl&iacute;nicas. Protecci&oacute;n antiest&iacute;mulo. Trauma. El axioma fantasm&aacute;tico. La segunda t&oacute;pica: yo-ello supery&oacute;. Nuevo estatuto del yo. El inconsciente libidinal. Inhibici&oacute;n. El s&iacute;ntoma como satisfacci&oacute;n sustitutiva. Tercera teor&iacute;a de la angustia. La angustia cuando &ldquo;el objeto se vuelve malo&rdquo;. Peligro pulsional. Peligro de castraci&oacute;n.</p>\r\n\r\n<p><strong>Bibliograf&iacute;a obligatoria</strong></p>\r\n\r\n<p>Delgado, O. (2014).&nbsp;<em>Lecturas freudianas 2</em>. Parte 3: clases 1 y 2. Buenos Aires: UNSAM.</p>\r\n\r\n<p>Delgado, O. (2012).&nbsp;<em>Lecturas Freudianas 1</em>. Parte 4: Represi&oacute;n e inconsciente. Dos conceptos&nbsp;<em>partenaire.&nbsp;</em>Buenos Aires: UNSAM.</p>\r\n\r\n<p>Delgado, O. (Coord.) (2013).&nbsp;<em>Una l&oacute;gica para la lectura de &ldquo;Inhibici&oacute;n, s&iacute;ntoma y angustia&rdquo; de Sigmund Freud</em>. Volumen I. Buenos Aires: Eudeba.</p>\r\n\r\n<p>Delgado, O. (Coord.) (2015).&nbsp;<em>Una l&oacute;gica para la lectura de &ldquo;Inhibici&oacute;n, s&iacute;ntoma y angustia&rdquo; de Sigmund Freud</em>. Volumen II. Buenos Aires: Eudeba.</p>\r\n\r\n<p>Freud, S. (1920). M&aacute;s all&aacute; del principio de placer. Cap&iacute;tulos 2, 3, 4, 5, 6 y 7. En<em>&nbsp;Obras completas</em>. Tomo XVIII. Buenos Aires: Amorrortu.</p>\r\n\r\n<p>Freud, S. (1919). &laquo;Pegan a un ni&ntilde;o&raquo;. Contribuci&oacute;n al conocimiento de la g&eacute;nesis de las perversiones sexuales. En<em>&nbsp;Obras completas</em>. Tomo XVII. Buenos Aires: Amorrortu.</p>\r\n\r\n<p>Freud, S. (1923). El yo y el ello. Cap&iacute;tulos IV y V. En<em>&nbsp;Obras completas</em>. Tomo XIX. Buenos Aires: Amorrortu.</p>\r\n\r\n<p>Freud, S. (1926 [1925]). Inhibici&oacute;n, s&iacute;ntoma y angustia. Cap&iacute;tulos 1 y 2. En<em>&nbsp;Obras completas</em>. Tomo XX. Buenos Aires: Amorrortu.</p>\r\n\r\n<p><strong>Bibliograf&iacute;a optativa</strong></p>\r\n\r\n<p>Delgado O. (2011). La voracidad del supery&oacute; y la violencia del ello. En&nbsp;<em>Conjeturas psicoanal&iacute;ticas</em>. Buenos Aires: JCE Ediciones.</p>\r\n\r\n<p>Delgado O. (2011). Angustia y trauma. En&nbsp;<em>Conjeturas psicoanal&iacute;ticas</em>. Buenos Aires: JCE Ediciones.</p>\r\n\r\n<p>Freud, S. (1908) Car&aacute;cter y erotismo anal. En<em>&nbsp;Obras completas</em>. Tomo IX. Buenos Aires: Amorrortu.</p>\r\n\r\n<p>Freud, S. (1929). El malestar en la cultura. Cap&iacute;tulo VI. En<em>&nbsp;Obras completas</em>. Tomo XXI. Buenos Aires: Amorrortu.</p>\r\n\r\n<p><strong>Clases 25, 26, 27 y 28: Defensa - Alteraci&oacute;n del yo - Resistencias.</strong></p>\r\n\r\n<p><strong>Contenidos:&nbsp;</strong>Estatuto del yo. Mecanismos de defensa. Castraci&oacute;n y s&iacute;ntoma. La extraterritorialidad. Las resistencias estructurales. Escisi&oacute;n del yo. Desgarradura estructural.</p>\r\n\r\n<p><strong>Bibliograf&iacute;a obligatoria</strong></p>\r\n\r\n<p>Delgado, O. (Coord.) (2013).&nbsp;<em>Una l&oacute;gica para la lectura de &ldquo;Inhibici&oacute;n, s&iacute;ntoma y angustia&rdquo; de Sigmund Freud</em>. Volumen I. Buenos Aires: Eudeba.</p>\r\n\r\n<p>Delgado, O. (Coord.) (2015).&nbsp;<em>Una l&oacute;gica para la lectura de &ldquo;Inhibici&oacute;n, s&iacute;ntoma y angustia&rdquo; de Sigmund Freud</em>. Volumen II. Buenos Aires: Eudeba.</p>\r\n\r\n<p>Freud, S. (1926). Inhibici&oacute;n, s&iacute;ntoma y angustia. Cap&iacute;tulos 3, 8 y Addenda. En<em>&nbsp;Obras completas</em>. Tomo XX. Buenos Aires: Amorrortu.</p>\r\n\r\n<p>Freud, S. (1937). An&aacute;lisis terminable e interminable. Cap&iacute;tulos 1, 2, 3, 4, 5 y 7. En<em>&nbsp;Obras completas</em>. Tomo XXIII. Buenos Aires: Amorrortu.</p>\r\n\r\n<p>Freud, S. (1937). La escisi&oacute;n del yo en el proceso defensivo. En<em>&nbsp;Obras completas</em>. Tomo XXIII. Buenos Aires: Amorrortu.</p>\r\n\r\n<p><strong>Bibliograf&iacute;a optativa</strong></p>\r\n\r\n<p>Freud, S. (1930 [1929]). El malestar en la cultura. Cap&iacute;tulos VI, VII y VIII. En<em>&nbsp;Obras completas</em>. Tomo XXI, Buenos Aires: Amorrortu.</p>\r\n\r\n<p>Freud, S. (1940 [1938]). Esquema del psicoan&aacute;lisis. En<em>&nbsp;Obras completas</em>. Tomo XXIII. Buenos Aires: Amorrortu.</p>\r\n\r\n<p><strong>Clase 29: Repaso previo al 3&deg; parcial.</strong></p>\r\n\r\n<p><strong>M&oacute;dulo D: El legado freudiano en la posmodernidad.</strong></p>\r\n\r\n<p><strong>Clases 30 y 31: Psicoan&aacute;lisis y contemporaneidad.</strong></p>\r\n\r\n<p><strong>Contenidos:&nbsp;</strong>La actualidad del malestar en la cultura. Invenci&oacute;n freudiana: el analista como respuesta al malestar.</p>\r\n\r\n<p><strong>Bibliograf&iacute;a obligatoria</strong></p>\r\n\r\n<p>Berm&uacute;dez, S. (2014).&nbsp;<em>Hacia un decir menos tonto. Analizar-Gobernar-Educar. Tres imposibles</em>. Buenos Aires: Letra Viva, pp. 17-50.</p>\r\n\r\n<p>Delgado, O. (2014).&nbsp;<em>Lecturas freudianas 2.</em>&nbsp;Parte 5: clases 2 y 3. Buenos Aires: UNSAM.</p>\r\n\r\n<p>Freud, S. (1915). De guerra y de muerte. En<em>&nbsp;Obras completas</em>. Tomo XIV. Buenos Aires: Amorrortu.</p>\r\n\r\n<p>Freud, S. (1933). &iquest;Por qu&eacute; la guerra? En<em>&nbsp;Obras completas</em>. Tomo XII. Buenos Aires: Amorrortu.</p>\r\n\r\n<p>Freud, S. (1938) Comentario sobre el antisemitismo. En<em>&nbsp;Obras completas</em>. Tomo XXIII. Buenos Aires: Amorrortu.</p>\r\n\r\n<p>Delgado, O. (2007). Te&oacute;rico 28 del a&ntilde;o 2007. Material de la c&aacute;tedra Psicoan&aacute;lisis Freud I. Centro de Estudiantes de Psicolog&iacute;a o Recuperado de www.psicoanalisisfreud.com.ar</p>\r\n\r\n<p><strong>Bibliograf&iacute;a optativa</strong></p>\r\n\r\n<p>Delgado O. (2005). La actualidad de Freud y Bataille. En&nbsp;<em>La subversi&oacute;n freudiana y sus consecuencias</em>. Buenos Aires: JVE Ediciones.</p>\r\n\r\n<p>Delgado O. (2005). Lo que cae fuera de la serie. En&nbsp;<em>La subversi&oacute;n freudiana y sus consecuencias.</em>&nbsp;Buenos Aires: JVE Ediciones.</p>\r\n\r\n<p>Delgado O. (2012). El legado freudiano, Jorge Alem&aacute;n. Pr&oacute;logo. En&nbsp;<em>Extimidad y posici&oacute;n del analista.&nbsp;</em>Buenos Aires: Grama.</p>\r\n\r\n<p>Laurent, E. (2007).&nbsp;<em>Los &oacute;rganos del cuerpo en la perspectiva psicoanal&iacute;tica</em>.&nbsp;<em>Dossier</em>&nbsp;de la C&aacute;tedra Psicoan&aacute;lisis Freud I. Buenos Aires: JVE Ediciones.</p>\r\n\r\n<p>Alem&aacute;n, J. (2006).&nbsp;<em>El porvenir del inconsciente</em>. Buenos Aires: Grama.</p>\r\n\r\n<p><strong>3.2 Pr&aacute;cticos</strong></p>\r\n\r\n<p><strong>M&oacute;dulo A: Valor epistemol&oacute;gico del obst&aacute;culo en la reforma de la raz&oacute;n freudiana.</strong></p>\r\n\r\n<p><strong>Clases 1 y 2: La importancia te&oacute;rico cl&iacute;nica del obst&aacute;culo.</strong></p>\r\n\r\n<p><strong>Contenidos:&nbsp;</strong>La pasi&oacute;n por el origen en Sigmund Freud, su pregunta por la causa. Definici&oacute;n del obst&aacute;culo. Obst&aacute;culo epistemol&oacute;gico - obst&aacute;culo cl&iacute;nico. El obst&aacute;culo cl&iacute;nico, soporte de la producci&oacute;n conceptual. Una cl&iacute;nica orientada por el obst&aacute;culo. Neurosis actuales - Neuropsicosis. Mecanismo ps&iacute;quico.</p>\r\n\r\n<p><strong>Bibliograf&iacute;a obligatoria</strong></p>\r\n\r\n<p>Delgado, O. (2011). Valor epistemol&oacute;gico del obst&aacute;culo en la reforma de la raz&oacute;n freudiana. En&nbsp;<em>Conjeturas Psicoanal&iacute;ticas.</em>&nbsp;Buenos Aires: JCE Ediciones.</p>\r\n\r\n<p>Freud, S. (1893). Sobre el mecanismo ps&iacute;quico de fen&oacute;menos hist&eacute;ricos. En&nbsp;<em>Obras completas</em>. Tomo III. Buenos Aires: Amorrortu.</p>\r\n\r\n<p>Freud, S. (1898). La sexualidad en la etiolog&iacute;a de las neurosis. En&nbsp;<em>Obras completas</em>. Tomo III. Buenos Aires: Amorrortu.</p>\r\n\r\n<p>Mozzi, V. (2012). El psicoan&aacute;lisis como praxis. En&nbsp;<em>La sospecha freudiana</em>. Buenos Aires: Tres Haches.</p>\r\n\r\n<p><strong>Bibliograf&iacute;a optativa</strong></p>\r\n\r\n<p>Freud, S. y Breuer, J. (1893-1895). Estudios sobre la histeria. Cap&iacute;tulo: Sobre el mecanismo ps&iacute;quico de fen&oacute;menos hist&eacute;ricos: Comunicaci&oacute;n preliminar. En&nbsp;<em>Obras completas</em>. Tomo II. Buenos Aires: Amorrortu.</p>\r\n\r\n<p>Bercherie, P. (1988). Conclusiones. En&nbsp;<em>G&eacute;nesis de los conceptos freudianos.&nbsp;</em>Buenos Aires: Paid&oacute;s.</p>\r\n\r\n<p><strong>M&oacute;dulo B: Los obst&aacute;culos en la producci&oacute;n del inconsciente.</strong></p>\r\n\r\n<p><strong>Clases 3 y 4: Anticipo de la producci&oacute;n conceptual del inconsciente.</strong></p>\r\n\r\n<p><strong>Contenidos:&nbsp;</strong>Vivencia de satisfacci&oacute;n - Vivencia de dolor. Deseo y motivos compulsivos. La defensa (represi&oacute;n). Primer estatuto del yo. Principio de constancia. Principio de placer. Hip&oacute;tesis auxiliar. La FIDD. Fracaso de la defensa. Retorno de lo reprimido. La compulsi&oacute;n en el s&iacute;ntoma. Factor cuantitativo en la f&oacute;rmula del desarrollo de una neurosis.</p>\r\n\r\n<p><strong>Bibliograf&iacute;a obligatoria</strong></p>\r\n\r\n<p>Freud, S. (1895). Proyecto de psicolog&iacute;a para neur&oacute;logos. En&nbsp;<em>Obras completas</em>. Tomo I. Buenos Aires: Amorrortu, pp. 362-367.</p>\r\n\r\n<p>Freud, S. (1894). Las neuropsicosis de defensa. En&nbsp;<em>Obras completas</em>. Tomo III. Buenos Aires: Amorrortu.</p>\r\n\r\n<p>Freud, S. (1896). Nuevas puntualizaciones sobre las neuropsicosis de defensa. En&nbsp;<em>Obras completas</em>. Tomo III. Buenos Aires: Amorrortu.</p>\r\n\r\n<p><strong>Bibliograf&iacute;a optativa</strong></p>\r\n\r\n<p>Freud, S. (1898). La sexualidad en la etiolog&iacute;a de las neurosis. En&nbsp;<em>Obras completas</em>. Tomo III. Buenos Aires: Amorrortu.</p>\r\n\r\n<p>Freud, S. (1895). A prop&oacute;sito de las cr&iacute;ticas a la neurosis de angustia. En&nbsp;<em>Obras completas</em>. Tomo III. Buenos Aires: Amorrortu.</p>\r\n\r\n<p><strong>Clases 5, 6, 7 y 8: Formaciones del inconsciente.</strong></p>\r\n\r\n<p><strong>Contenidos:&nbsp;</strong>Sue&ntilde;os: El trabajo del sue&ntilde;o. Condensaci&oacute;n y desplazamiento. Contenido manifiesto y latente. Restos diurnos. Cumplimiento y realizaci&oacute;n de deseo. Ombligo del sue&ntilde;o. La censura. El acto fallido. El olvido de nombres propios y el olvido de palabras extranjeras. Mecanismo. Sexualidad y muerte. El chiste. T&eacute;cnica del chiste. La tendencia al ahorro y la ganancia de placer. Condensaci&oacute;n con formaci&oacute;n sustitutiva. El disparate.</p>\r\n\r\n<p><strong>Bibliograf&iacute;a obligatoria</strong></p>\r\n\r\n<p>Delgado, O. (2012).&nbsp;<em>Lecturas Freudianas 1.</em>&nbsp;Parte 3. Clase 2: De la experiencia de satisfacci&oacute;n a los sue&ntilde;os. Buenos Aires: UNSAM.</p>\r\n\r\n<p>Freud, S. (1816-17 [1815-17]). Conferencias de introducci&oacute;n al psicoan&aacute;lisis. 7&ordf; conferencia. Contenido manifiesto del sue&ntilde;o y pensamientos on&iacute;ricos latentes. En&nbsp;<em>Obras completas</em>, tomo XV. Buenos Aires: Amorrortu.</p>\r\n\r\n<p>Freud, S. (1816-17 [1815-17]). Conferencias de introducci&oacute;n al psicoan&aacute;lisis. 9&ordf; conferencia. La censura on&iacute;rica. En&nbsp;<em>Obras completas</em>, tomo XV. Buenos Aires: Amorrortu.</p>\r\n\r\n<p>Freud, S. (1816-17 [1815-17]). Conferencias de introducci&oacute;n al psicoan&aacute;lisis. 11&ordf; conferencia. El trabajo del sue&ntilde;o. En&nbsp;<em>Obras completas</em>, tomo XV. Buenos Aires: Amorrortu.</p>\r\n\r\n<p>Freud, S. (1901). Psicopatolog&iacute;a de la vida cotidiana. Cap&iacute;tulos 1 y 2. En&nbsp;<em>Obras completas</em>. Tomo VI. Buenos Aires: Amorrortu.</p>\r\n\r\n<p>Freud, S. (1905). El chiste y su relaci&oacute;n lo inconsciente. Parte A. Cap&iacute;tulo II. Punto 1 (pp. 18-23). Puntos: 2, 4 y 7. Parte B. Capitulo IV. Punto 1. En&nbsp;<em>Obras completas</em>. Tomo VIII Buenos Aires: Amorrortu.</p>\r\n\r\n<p>Delgado, O. (2005). Del olvido al ombligo. En&nbsp;<em>La subversi&oacute;n freudiana y sus consecuencias.&nbsp;</em>Buenos Aires: JVE Ediciones.</p>\r\n\r\n<p><strong>Bibliograf&iacute;a optativa</strong></p>\r\n\r\n<p>Freud, S. (1816-17 [1815-17]). Conferencias de introducci&oacute;n al psicoan&aacute;lisis. 15&ordf; conferencia. Incertezas y cr&iacute;ticas. En&nbsp;<em>Obras completas</em>, tomo XV. Buenos Aires: Amorrortu.</p>\r\n\r\n<p>Mozzi, V. (2012). Los s&iacute;ntomas de los normales. En&nbsp;<em>La sospecha freudiana</em>. Buenos Aires: Tres Haches.</p>\r\n\r\n<p><strong>Clase 9: Repaso previo al 1&deg; parcial.</strong></p>\r\n\r\n<p><strong>Clases 10, 11, 12 y 13: Pulsi&oacute;n y sexualidad.</strong></p>\r\n\r\n<p><strong>Contenidos:&nbsp;</strong>El concepto de pulsi&oacute;n. Componentes de la pulsi&oacute;n: esfuerzo (<em>drang</em>), meta (<em>ziel</em>), objeto (<em>objekt</em>), fuente (<em>quelle</em>). Destinos de la pulsi&oacute;n: transformaci&oacute;n en lo contrario, vuelta hacia la persona propia, sublimaci&oacute;n, represi&oacute;n, transformaci&oacute;n en angustia. Pulsiones parciales y zonas er&oacute;genas. La represi&oacute;n. Tres fases. Contrainvestidura. Inconsciente-reprimido.</p>\r\n\r\n<p><strong>Bibliograf&iacute;a obligatoria</strong></p>\r\n\r\n<p>Freud, S. (1915). Pulsiones y destinos de pulsi&oacute;n. En&nbsp;<em>Obras completas</em>. Tomo XIV. Buenos Aires: Amorrortu.</p>\r\n\r\n<p>Freud, S. (1915). La represi&oacute;n. En&nbsp;<em>Obras completas</em>. Tomo XIV Buenos Aires: Amorrortu.</p>\r\n\r\n<p>Freud, S. (1917). Conferencias de introducci&oacute;n al psicoan&aacute;lisis. 20&ordf; conferencia. La vida sexual de los seres humanos. En&nbsp;<em>Obras completas</em>. Tomo XVI. Buenos Aires: Amorrortu.</p>\r\n\r\n<p>Freud, S. (1915). Lo inconsciente. Cap&iacute;tulo IV: T&oacute;pica y din&aacute;mica de la represi&oacute;n. En&nbsp;<em>Obras completas</em>. Tomo XIV. Buenos Aires: Amorrortu, pp. 177-178.</p>\r\n\r\n<p><strong>Bibliograf&iacute;a optativa</strong></p>\r\n\r\n<p>Delgado O. (2011). Actualidad de una vi&ntilde;eta lacaniana. En&nbsp;<em>Conjeturas psicoanal&iacute;ticas</em>. Buenos Aires: JCE Ediciones.</p>\r\n\r\n<p>Berdullas, P. (2006).&nbsp;<em>Claves freudianas</em>. Cap&iacute;tulos I, II y III. Buenos Aires: Tekn&eacute;.</p>\r\n\r\n<p><strong>Clases 14, 15, 16, 17 y 18: Complejo nuclear de la neurosis.</strong></p>\r\n\r\n<p><strong>Contenidos:&nbsp;</strong>Fases del desarrollo libidinal. Complejo de Edipo. Complejo de castraci&oacute;n. Primado del falo. El&nbsp;<em>impasse</em>&nbsp;de la funci&oacute;n f&aacute;lica. Elecci&oacute;n de objeto. Tramitaci&oacute;n ed&iacute;pica.</p>\r\n\r\n<p><strong>Bibliograf&iacute;a obligatoria</strong></p>\r\n\r\n<p>Freud, S. (1917). 21&ordf; conferencia. Desarrollo libidinal y organizaciones sexuales. En&nbsp;<em>Obras Completas</em>. Tomo XVI. Buenos Aires: Amorrortu.</p>\r\n\r\n<p>Freud, S. (1917 [1916-1917]). Conferencias de introducci&oacute;n al psicoan&aacute;lisis. 26&ordf; conferencia. Teor&iacute;a de la libido y el narcisismo. En&nbsp;<em>Obras completas</em>. Tomo XVI. Buenos Aires: Amorrortu.</p>\r\n\r\n<p>Freud, S. (1923). La organizaci&oacute;n genital infantil. (Una interpolaci&oacute;n en la teor&iacute;a de la sexualidad. En&nbsp;<em>Obras completas</em>. Tomo XIX. Buenos Aires: Amorrortu.</p>\r\n\r\n<p>Freud, S. (1924). El sepultamiento del complejo de Edipo. En&nbsp;<em>Obras completas</em>. Tomo XIX. Buenos Aires: Amorrortu.</p>\r\n\r\n<p>Delgado O. (2005). Consideraciones cr&iacute;ticas de la concepci&oacute;n freudiana de los complejos de Edipo y castraci&oacute;n. En&nbsp;<em>La subversi&oacute;n freudiana y sus consecuencias.</em>&nbsp;Buenos Aires: JVE.</p>\r\n\r\n<p>Freud, S. (1917) [1916- 1917]). Conferencias de introducci&oacute;n al psicoan&aacute;lisis. 23&ordf; conferencia. Los caminos de la formaci&oacute;n de s&iacute;ntomas. En&nbsp;<em>Obras completas</em>. Tomo XVI. Buenos Aires: Amorrortu.</p>\r\n\r\n<p><strong>Bibliograf&iacute;a optativa</strong></p>\r\n\r\n<p>Freud, S. (1925). Algunas consecuencias ps&iacute;quicas de la diferencia anat&oacute;mica entre los sexos. En&nbsp;<em>Obras completas</em>. Tomo XIX. Buenos Aires: Amorrortu.</p>\r\n\r\n<p>Freud, S. (1940 [1922]). La cabeza de Medusa. En&nbsp;<em>Obras completas</em>. Tomo XVIII Buenos Aires: Amorrortu.</p>\r\n\r\n<p><strong>Clase 19: Repaso previo al 2&deg; parcial.</strong></p>\r\n\r\n<p><strong>M&oacute;dulo C: S&iacute;ntoma y car&aacute;cter.</strong></p>\r\n\r\n<p><strong>Clases 20, 21, 22 y 23: El problema de la satisfacci&oacute;n en la cura.</strong></p>\r\n\r\n<p><strong>Contenidos:&nbsp;</strong>Compulsi&oacute;n de repetici&oacute;n.&nbsp;<em>Fort-da</em>. Sue&ntilde;os de las neurosis traum&aacute;ticas. Masoquismo er&oacute;geno primario, femenino y moral. Sentimiento inconsciente de culpa. Necesidad de castigo.</p>\r\n\r\n<p><strong>Bibliograf&iacute;a obligatoria</strong></p>\r\n\r\n<p>Delgado, O. (2014).&nbsp;<em>Lecturas freudianas 2</em>. Parte 4: clases 1, 2 y 3. Buenos Aires: UNSAM.</p>\r\n\r\n<p>Delgado, O. (2005). Pulsi&oacute;n y necesidad de castigo. En&nbsp;<em>La subversi&oacute;n freudiana y sus consecuencias.</em>&nbsp;Buenos Aires: JVE.</p>\r\n\r\n<p>Freud, S. (1920). M&aacute;s all&aacute; del principio de placer. Cap&iacute;tulos I y II. En&nbsp;<em>Obras completas</em>. Tomo XVIII. Buenos Aires: Amorrortu.</p>\r\n\r\n<p>Freud, S. (1924). El problema econ&oacute;mico del masoquismo. En&nbsp;<em>Obras completas</em>. Tomo XIX. Buenos Aires: Amorrortu.</p>\r\n\r\n<p>Freud, S. (1916). Algunos tipos de car&aacute;cter dilucidados por el trabajo psicoanal&iacute;tico. En&nbsp;<em>Obras completas</em>. Tomo XIV. Buenos Aires: Amorrortu.</p>\r\n\r\n<p>Freud, S. (1939). Mois&eacute;s y la religi&oacute;n monote&iacute;sta. Parte I, apartado C y D. En&nbsp;<em>Obras completas</em>. Tomo XXIII. Buenos Aires: Amorrortu.</p>\r\n\r\n<p><strong>Bibliograf&iacute;a optativa</strong></p>\r\n\r\n<p>Freud, S. (1908). Car&aacute;cter y erotismo anal. En&nbsp;<em>Obras completas</em>. Tomo IX. Buenos Aires: Amorrortu.</p>\r\n\r\n<p>Freud, S. (1940 [1938]). Esquema del psicoan&aacute;lisis. Cap&iacute;tulo II: Doctrina de las pulsiones. En&nbsp;<em>Obras completas</em>. Tomo XXIII. Buenos Aires: Amorrortu.</p>\r\n\r\n<p><strong>Clases 24, 25, 26, 27 y 28: Conflicto en el marco de la segunda t&oacute;pica.</strong></p>\r\n\r\n<p><strong>Contenidos:&nbsp;</strong>Nuevo ordenamiento l&oacute;gico: castraci&oacute;n como motor de la defensa y referente del s&iacute;ntoma. Angustia se&ntilde;al y angustia traum&aacute;tica. Situaci&oacute;n de peligro. Castraci&oacute;n en la madre. Castraci&oacute;n como falta de representante ps&iacute;quico. M&eacute;todos de defensa y tipos cl&iacute;nicos.</p>\r\n\r\n<p><strong>Bibliograf&iacute;a obligatoria</strong></p>\r\n\r\n<p>Delgado, O. (Coord.) (2013).&nbsp;<em>Una l&oacute;gica para la lectura de &ldquo;Inhibici&oacute;n, s&iacute;ntoma y angustia&rdquo; de Sigmund Freud</em>. Volumen I. Buenos Aires: Eudeba.</p>\r\n\r\n<p>Delgado, O. (Coord.) (2015).&nbsp;<em>Una l&oacute;gica para la lectura de &ldquo;Inhibici&oacute;n, s&iacute;ntoma y angustia&rdquo; de Sigmund Freud</em>. Volumen II. Buenos Aires: Eudeba.</p>\r\n\r\n<p>Freud, S. (1926) [1925]). Inhibici&oacute;n, s&iacute;ntoma y angustia. Cap&iacute;tulos IV, V, VI, VII y VIII. En&nbsp;<em>Obras completas</em>. Tomo XX. Buenos Aires: Amorrortu.</p>\r\n\r\n<p><strong>Bibliograf&iacute;a optativa</strong></p>\r\n\r\n<p>Delgado, O. (2014).&nbsp;<em>Lecturas freudianas 2</em>. Parte 5: clase 4. Buenos Aires: UNSAM.</p>\r\n\r\n<p>Freud, S. (1917). Conferencias de introducci&oacute;n al psicoan&aacute;lisis. 18&ordf; conferencia. La fijaci&oacute;n al trauma, lo inconsciente. En&nbsp;<em>Obras completas</em>. Tomo XVI. Buenos Aires: Amorrortu.</p>\r\n\r\n<p>Mozzi, V. (2012).&nbsp;<em>La sospecha freudiana</em>. Buenos Aires: Tres Haches, pp. 232 y 235.</p>\r\n\r\n<p><strong>Clase 29: Repaso previo al 3&deg; parcial.</strong></p>\r\n\r\n<p><strong>M&oacute;dulo D: La actualidad del psicoan&aacute;lisis.</strong></p>\r\n\r\n<p><strong>Clases 30 y 31: Relaci&oacute;n entre pulsi&oacute;n y cultura.</strong></p>\r\n\r\n<p><strong>Contenidos:&nbsp;</strong>La dignidad del humor. Otro modo de relaci&oacute;n posible con el supery&oacute;. Efectos terap&eacute;uticos, efectos anal&iacute;ticos: un debate &eacute;tico.</p>\r\n\r\n<p><strong>Bibliograf&iacute;a obligatoria</strong></p>\r\n\r\n<p>Berm&uacute;dez, S. (2014).&nbsp;<em>Hacia un decir menos tonto. Analizar-Gobernar-Educar. Tres imposibles</em>. Buenos Aires: Letra Viva, pp. 85-105.</p>\r\n\r\n<p>Freud, S. (1908). La moral sexual &laquo;cultural&raquo; y la nerviosidad moderna. En<em>Obras completas</em>. Tomo IX. Buenos Aires: Amorrortu.</p>\r\n\r\n<p>Freud, S. (1927). El humor. En<em>&nbsp;Obras completas</em>. Tomo XXI. Buenos Aires: Amorrortu.</p>\r\n\r\n<p>Freud, S. (1927). El porvenir de una ilusi&oacute;n. Cap&iacute;tulos 5 y 6. En&nbsp;<em>Obras completas</em>. Tomo XXI. Buenos Aires: Amorrortu.</p>\r\n\r\n<p><strong>Bibliograf&iacute;a optativa</strong></p>\r\n\r\n<p>Freud, S. (1925). Las resistencias contra el psicoan&aacute;lisis. En&nbsp;<em>Obras completas</em>. Tomo XIX. Buenos Aires: Amorrortu.</p>\r\n\r\n<p>Delgado, O. (2004). Psicoan&aacute;lisis y salud mental. En&nbsp;<em>La subversi&oacute;n freudiana y sus consecuencias</em>. Buenos Aires: JVE Ediciones.</p>\r\n\r\n<p><strong>3.3 Seminarios</strong></p>\r\n\r\n<p><strong>M&oacute;dulo A: &ldquo;El quehacer del analista&rdquo;.</strong></p>\r\n\r\n<p><strong>Clases 1, 2 y 3: El ciframiento y la satisfacci&oacute;n.</strong></p>\r\n\r\n<p><strong>Contenidos:&nbsp;</strong>El quehacer del psicoanalista en cada &eacute;poca doctrinaria. El ciframiento y la satisfacci&oacute;n. De la hipnosis a la asociaci&oacute;n libre.</p>\r\n\r\n<p><strong>Bibliograf&iacute;a obligatoria</strong></p>\r\n\r\n<p>Freud, S. (1917 [1916-17]). Conferencias de introducci&oacute;n al psicoan&aacute;lisis. Parte III: Doctrina general de las neurosis. 16&ordf; conferencia. Psicoan&aacute;lisis y psiquiatr&iacute;a. En&nbsp;<em>Obras completas</em>. Tomo XVI. Buenos Aires: Amorrortu.</p>\r\n\r\n<p>Delgado, O. (2005). Los tres momentos de la direcci&oacute;n de la cura y sus pertinencias conceptuales, en la obra de Sigmund Freud. En&nbsp;<em>La subversi&oacute;n freudiana y sus consecuencias</em>. Buenos Aires: JVE Ediciones, 2005.</p>\r\n\r\n<p>Delgado, O. (2005). Las conceptualizaciones del lugar del psicoanalista seg&uacute;n Freud. En&nbsp;<em>La subversi&oacute;n freudiana y sus consecuencias</em>. Buenos Aires: JVE Ediciones, 2005.</p>\r\n\r\n<p>Delgado, O. (2011). La cuesti&oacute;n de la satisfacci&oacute;n en los or&iacute;genes del psicoan&aacute;lisis. En&nbsp;<em>Conjeturas psicoanal&iacute;ticas</em>. Buenos Aires: JCE Ediciones, 2011.</p>\r\n\r\n<p>Freud, S. (1893 [1895]) Estudios sobre la histeria (Breuer y Freud). Cap&iacute;tulo II. Historiales cl&iacute;nicos. Punto 3: Miss Lucy R. (30 a&ntilde;os). Punto 5: Se&ntilde;orita Elisabeth von R. En&nbsp;<em>Obras completas</em>. Tomo II. Buenos Aires: Amorrortu.</p>\r\n\r\n<p><strong>Bibliograf&iacute;a optativa</strong></p>\r\n\r\n<p>Delgado, O. (2011). El obst&aacute;culo y la satisfacci&oacute;n. En&nbsp;<em>Conjeturas psicoanal&iacute;ticas</em>. Buenos Aires: JCE Ediciones, 2011.</p>\r\n\r\n<p>Freud, S. (1888-92). Trabajos sobre hipnosis y sugesti&oacute;n. En&nbsp;<em>Obras completas</em>. Tomo I. Buenos Aires: Amorrortu.</p>\r\n\r\n<p>Freud, S. (1890). Tratamiento ps&iacute;quico (tratamiento del alma). En:&nbsp;<em>Obras completas</em>. Tomo I. Buenos Aires: Amorrortu.</p>\r\n\r\n<p>Freud, S. (1896). Carta 52 (6 de diciembre de 1896). En&nbsp;<em>Obras completas</em>. Tomo I. Buenos Aires: Amorrortu.</p>\r\n\r\n<p><strong>M&oacute;dulo B: Del arte de la interpretaci&oacute;n al levantamiento de las resistencias. El analista int&eacute;rprete.</strong></p>\r\n\r\n<p><strong>Clases 4, 5, 6, 7 y 8: El arte de la interpretaci&oacute;n.</strong></p>\r\n\r\n<p><strong>Contenidos:&nbsp;</strong>La cl&iacute;nica de las resistencias. Conclusi&oacute;n de la cura: levantamiento de los s&iacute;ntomas. La transferencia: la representaci&oacute;n inconsciente cae sobre la persona del m&eacute;dico.</p>\r\n\r\n<p>Anticipo de la transferencia como repetici&oacute;n. Formaciones del inconsciente: actos fallidos, recuerdos encubridores. El trabajo de interpretaci&oacute;n. El l&iacute;mite de lo interpretable: el ombligo del sue&ntilde;o. La regla de asociaci&oacute;n libre.</p>\r\n\r\n<p><strong>Bibliograf&iacute;a obligatoria</strong></p>\r\n\r\n<p>Freud, S. (1893 [1895]). Estudios sobre la histeria (Breuer y Freud). Cap&iacute;tulo IV: Sobre la psicoterapia de la histeria (Freud). Punto 2 y 3. En&nbsp;<em>Obras completas</em>. Tomo II. Buenos Aires: Amorrortu.</p>\r\n\r\n<p>Freud, S., (1900 [1901]). Psicopatolog&iacute;a de la vida cotidiana. Cap&iacute;tulo IV: Recuerdos de infancia y recuerdos encubridores. En&nbsp;<em>Obras completas</em>. Tomo VI. Buenos Aires: Amorrortu.</p>\r\n\r\n<p>Freud, S. (1899). Sobre los recuerdos encubridores. En&nbsp;<em>Obras completas</em>. Tomo III. Buenos Aires: Amorrortu.</p>\r\n\r\n<p>Freud, S. (1900 [1899]). La interpretaci&oacute;n de los sue&ntilde;os. Cap&iacute;tulo II: El m&eacute;todo de la interpretaci&oacute;n de los sue&ntilde;os. An&aacute;lisis de un sue&ntilde;o paradigm&aacute;tico. En&nbsp;<em>Obras completas</em>. Tomo IV. Buenos Aires: Amorrortu.</p>\r\n\r\n<p>Delgado, O. (2005). La transferencia como motor. En&nbsp;<em>La subversi&oacute;n freudiana y sus consecuencias</em>, Buenos Aires: JVE Ediciones.</p>\r\n\r\n<p><strong>Bibliograf&iacute;a optativa</strong></p>\r\n\r\n<p>Delgado, O. (2005). La reelaboraci&oacute;n. En&nbsp;<em>La subversi&oacute;n freudiana y sus consecuencias</em>, Buenos Aires: JVE Ediciones.</p>\r\n\r\n<p>Delgado, O. (2005). La ense&ntilde;anza de una decepci&oacute;n. En&nbsp;<em>La subversi&oacute;n freudiana y sus consecuencias</em>, Buenos Aires: JVE Ediciones.</p>\r\n\r\n<p><strong>Clase 9: Repaso previo al 1&deg; parcial.</strong></p>\r\n\r\n<p><strong>Clases 10, 11, 12, 13 y 14: Transferencia y regla de abstinencia.</strong></p>\r\n\r\n<p><strong>Contenidos:&nbsp;</strong>Concepci&oacute;n din&aacute;mica de la neurosis. Concepto de resistencia diferente al de represi&oacute;n. Remover las resistencias. Repetici&oacute;n -<em>&nbsp;agieren</em>. Anticipo del recuerdo en acto. Resto inasimilable: trauma. El s&iacute;ntoma como satisfacci&oacute;n sustitutiva. La interpretaci&oacute;n y el resto ind&oacute;cil. Anticipo del fracaso de la s&iacute;ntesis yoica. La regla de abstinencia. La transferencia: motor y obst&aacute;culo.</p>\r\n\r\n<p><strong>Bibliograf&iacute;a obligatoria</strong></p>\r\n\r\n<p>Delgado, O. (2014).&nbsp;<em>Lecturas freudianas 2</em>. Parte 1: clases 1, 2 y 3. Buenos Aires: UNSAM.</p>\r\n\r\n<p>Freud S. (1912). Sobre la din&aacute;mica de la transferencia. En&nbsp;<em>Obras completas</em>. Tomo XII Buenos Aires: Amorrortu.</p>\r\n\r\n<p>Freud, S. (1915 [1914]). Puntualizaciones sobre el amor de transferencia (Nuevos consejos sobre la t&eacute;cnica del psicoan&aacute;lisis, III). En&nbsp;<em>Obras completas</em>. Tomo XII. Buenos Aires: Amorrortu.</p>\r\n\r\n<p>Freud, S. (1912). Consejos al m&eacute;dico sobre el tratamiento psicoanal&iacute;tico. En&nbsp;<em>Obras completas</em>. Tomo XII. Buenos Aires: Amorrortu.</p>\r\n\r\n<p>Freud, S. (1913). Sobre la iniciaci&oacute;n del tratamiento. (Nuevos consejos sobre la t&eacute;cnica del psicoan&aacute;lisis, I). En&nbsp;<em>Obras completas</em>. Tomo XII. Buenos Aires: Amorrortu.</p>\r\n\r\n<p>Freud, S. (1914). Recordar; repetir y reelaborar (Nuevos consejos sobre la t&eacute;cnica del psicoan&aacute;lisis, II). En&nbsp;<em>Obras completas</em>. Tomo XII. Buenos Aires: Amorrortu.</p>\r\n\r\n<p>Freud, S. (1917 [1916-17]). Conferencias de introducci&oacute;n al psicoan&aacute;lisis, Parte III. Doctrina general de las neurosis, 27&ordf; conferencia. La transferencia. En&nbsp;<em>Obras completas</em>. Tomo XVI. Buenos Aires: Amorrortu.</p>\r\n\r\n<p>Freud, S. (1917 [1916-17]). Conferencias de introducci&oacute;n al psicoan&aacute;lisis. Parte III. Doctrina general de las neurosis. 28&ordf; conferencia. La terapia anal&iacute;tica. En&nbsp;<em>Obras completas</em>. Tomo XVI. Buenos Aires: Amorrortu.</p>\r\n\r\n<p>Freud, S. (1917 [1916-17]). Conferencias de introducci&oacute;n al psicoan&aacute;lisis. Parte III. Doctrina general de las neurosis. 19&ordf; conferencia. Resistencia y represi&oacute;n. En&nbsp;<em>Obras completas</em>. Tomo XVI. Buenos Aires: Amorrortu.</p>\r\n\r\n<p>Freud, S. (1914). Introducci&oacute;n del narcisismo. Cap&iacute;tulo 2. En&nbsp;<em>Obras completas</em>. Tomo XIV. Buenos Aires: Amorrortu.</p>\r\n\r\n<p>Freud, S., (1905). Fragmento de an&aacute;lisis de un caso de histeria. Introducci&oacute;n y Ep&iacute;logo. En&nbsp;<em>Obras completas</em>. Tomo VII. Buenos Aires: Amorrortu.</p>\r\n\r\n<p>Delgado, O. (2005). Abstinencia a la sugesti&oacute;n. En&nbsp;<em>La subversi&oacute;n freudiana y sus consecuencias.</em>&nbsp;Buenos Aires: JVE Ediciones, 2005.</p>\r\n\r\n<p><strong>Bibliograf&iacute;a optativa</strong></p>\r\n\r\n<p>Freud, S. (1916 |1915-16|). Conferencias de introducci&oacute;n al psicoan&aacute;lisis. 6&ordf; conferencia. Premisas y t&eacute;cnicas de la interpretaci&oacute;n. En&nbsp;<em>Obras completas</em>. Tomo XV. Buenos Aires: Amorrortu.</p>\r\n\r\n<p>Freud, S. (1920). Sobre la psicog&eacute;nesis de un caso de homosexualidad femenina. Punto I, II y III. En&nbsp;<em>Obras completas</em>. Tomo XVIII. Buenos Aires: Amorrortu.</p>\r\n\r\n<p>Delgado, O. (2011). Diario. En:&nbsp;<em>Conjeturas psicoanal&iacute;ticas</em>. Buenos Aires: JCE Ediciones, 2011.</p>\r\n\r\n<p>Delgado, O. (2011). Apertura. En:&nbsp;<em>Conjeturas psicoanal&iacute;ticas</em>. Buenos Aires: JCE Ediciones, 2011.</p>\r\n\r\n<p>Delgado, O. (2005). Algunas notas sobre el concepto &ldquo;presencia del analista&rdquo;. En&nbsp;<em>La subversi&oacute;n freudiana y sus consecuencias</em>. Buenos Aires: JVE Ediciones, 2005.</p>\r\n\r\n<p><strong>M&oacute;dulo C: Interpretaci&oacute;n y construcci&oacute;n.</strong></p>\r\n\r\n<p><strong>Clases 15, 16, 17 y 18: Consideraci&oacute;n estructural del inconsciente.</strong></p>\r\n\r\n<p><strong>Contenidos:&nbsp;</strong>La funci&oacute;n de la resistencia en la transferencia da lugar a dos operaciones: interpretaci&oacute;n y construcci&oacute;n. La dimensi&oacute;n econ&oacute;mica en la obra de Freud: el trauma. La compulsi&oacute;n de repetici&oacute;n. Sentimiento inconsciente de culpa y necesidad de castigo. Reacci&oacute;n terap&eacute;utica negativa. Los problemas clinicos de la obediencia retrospectiva, la renegacion o desmentida.</p>\r\n\r\n<p><strong>Bibliograf&iacute;a obligatoria</strong></p>\r\n\r\n<p>Freud, S. (1909). A prop&oacute;sito de un caso de neurosis obsesiva. Punto G : El complejo paterno y la soluci&oacute;n de la idea de las ratas. En&nbsp;<em>Obras completas</em>. Tomo X. Buenos Aires: Amorrortu.</p>\r\n\r\n<p>Freud, S. (1918). El hombre de los lobos. Cap&iacute;tulo VIII. En&nbsp;<em>Obras completas</em>. Tomo XVII. Buenos Aires: Amorrortu.</p>\r\n\r\n<p>Freud, S. (1937) Construcciones en el an&aacute;lisis. En&nbsp;<em>Obras completas</em>. Tomo XXIII. Buenos Aires: Amorrortu.</p>\r\n\r\n<p>Freud, S. (1927). Fetichismo. En<em>&nbsp;Obras completas</em>. Tomo XXI. Buenos Aires: Amorrortu.</p>\r\n\r\n<p>Freud, S. (1912). T&oacute;tem y tab&uacute;. Cap&iacute;tulo IV: El retorno del totemismo en la infancia, apartado V. En<em>&nbsp;Obras completas</em>. Tomo XIII. Buenos Aires: Amorrortu.</p>\r\n\r\n<p><strong>Bibliograf&iacute;a optativa</strong></p>\r\n\r\n<p>Freud, S. (1905 [1901]). Fragmento de an&aacute;lisis de un caso de histeria. En&nbsp;<em>Obras completas</em>. Tomo VII. Buenos Aires: Amorrortu.</p>\r\n\r\n<p>Freud, S. (1909). A prop&oacute;sito de un caso de neurosis obsesiva. Punto C: El gran temor obsesivo. En&nbsp;<em>Obras completas</em>. Tomo X. Buenos Aires: Amorrortu.</p>\r\n\r\n<p><strong>Clase 19: Repaso previo al 2&deg; parcial.</strong></p>\r\n\r\n<p><strong>Clases 20, 21, 22, y 23: El l&iacute;mite de la interpretaci&oacute;n y el concepto de defensa.</strong></p>\r\n\r\n<p><strong>Contenidos:&nbsp;</strong>El comportamiento de la libido: fijaci&oacute;n y movilidad. Mezcla y desmezcla pulsional. El s&iacute;ntoma como satisfacci&oacute;n sustitutiva. La satisfacci&oacute;n pulsional como obst&aacute;culo en la cura. Intensidad de las pulsiones. Dome&ntilde;amiento de la exigencia pulsional. Alteraci&oacute;n del yo. La experiencia de la perdida, duelo, duelo patol&oacute;gico y melancol&iacute;a.</p>\r\n\r\n<p><strong>Bibliograf&iacute;a obligatoria</strong></p>\r\n\r\n<p>Delgado, O. (2014).&nbsp;<em>Lecturas freudianas 2</em>. Parte 4: clases 4 y 5. Buenos Aires: UNSAM.</p>\r\n\r\n<p>Freud, S. (1940 [1938]). Esquema del psicoan&aacute;lisis. Parte II: La tarea pr&aacute;ctica. En&nbsp;<em>Obras completas</em>. Tomo XXIII. Buenos Aires: Amorrortu.</p>\r\n\r\n<p>Freud, S. (1940 [1938]). La escisi&oacute;n del yo en el proceso defensivo. En&nbsp;<em>Obras completas</em>. Tomo XXIII. Buenos Aires: Amorrortu.</p>\r\n\r\n<p>Freud, S. (1923-1925). El yo y el ello. Cap&iacute;tulo 5. En&nbsp;<em>Obras completas</em>. Tomo XIX. Buenos Aires: Amorrortu.</p>\r\n\r\n<p>Freud, S. (1920). M&aacute;s all&aacute; del principio de placer. Cap&iacute;tulo 3. En&nbsp;<em>Obras completas</em>. Tomo XVIII. Buenos Aires: Amorrortu.</p>\r\n\r\n<p>Delgado, O. (2005). La ense&ntilde;anza de una decepci&oacute;n. En&nbsp;<em>La subversi&oacute;n freudiana y sus consecuencias</em>. Buenos Aires: JVE Ediciones.</p>\r\n\r\n<p>Freud, S. (1917). Duelo y melancol&iacute;a. En<em>&nbsp;Obras completas</em>. Tomo XIV. Buenos Aires: Amorrortu.</p>\r\n\r\n<p><strong>Bibliograf&iacute;a optativa</strong></p>\r\n\r\n<p>Freud, S. (1924). El problema econ&oacute;mico del masoquismo. En&nbsp;<em>Obras completas</em>. Tomo XIX. Buenos Aires: Amorrortu.</p>\r\n\r\n<p>Freud, S. (1939 [1934-38]). Mois&eacute;s y la religi&oacute;n monote&iacute;sta. Parte I. apartado C: La analog&iacute;a. En&nbsp;<em>Obras completas</em>. Tomo XXIII. Buenos Aires: Amorrortu.</p>\r\n\r\n<p><strong>M&oacute;dulo D: El problema del fin de an&aacute;lisis.</strong></p>\r\n\r\n<p><strong>Clases 24, 25, 26, 27 y 28: El analista y lo ominoso.</strong></p>\r\n\r\n<p><strong>Contenidos:</strong>&nbsp;El&nbsp;<em>quantum</em>&nbsp;pulsional. El advenimiento de nuevos analistas. Tres nombres del problema del fin de an&aacute;lisis: a) La roca de base. El l&iacute;mite f&aacute;lico y la desautorizaci&oacute;n de lo femenino. b) La fijaci&oacute;n del objeto parcial y la satisfacci&oacute;n. c) La inclinaci&oacute;n al conflicto del fragmento de agresi&oacute;n libre fuera de sentido.</p>\r\n\r\n<p><strong>Bibliograf&iacute;a obligatoria</strong></p>\r\n\r\n<p>Delgado, O. (2014).&nbsp;<em>Lecturas freudianas 2</em>. Parte 3: clase 3.Buenos Aires: UNSAM.</p>\r\n\r\n<p>Freud, S. (1937). An&aacute;lisis terminable e interminable. Cap&iacute;tulos 6 y 8. En&nbsp;<em>Obras completas</em>. Tomo XXIII. Buenos Aires: Amorrortu.</p>\r\n\r\n<p>Freud, S. (1919). Lo ominoso. En&nbsp;<em>Obras completas</em>. Tomo XVI. Buenos Aires: Amorrortu.</p>\r\n\r\n<p>Delgado, O. (2005). Las manifestaciones residuales. En&nbsp;<em>La subversi&oacute;n freudiana y sus consecuencias</em>. Buenos Aires: JVE Ediciones.</p>\r\n\r\n<p><strong>Bibliograf&iacute;a optativa</strong></p>\r\n\r\n<p>Freud, S. (1926). &iquest;Pueden los legos ejercer el psicoan&aacute;lisis? Cap&iacute;tulo V. En&nbsp;<em>Obras completas</em>. Tomo XX. Buenos Aires: Amorrortu.</p>\r\n\r\n<p>Delgado, O.&nbsp;<em>Tauglich</em>, ficha de la c&aacute;tedra. Centro de Estudiantes de Psicolog&iacute;a.</p>\r\n\r\n<p><strong>Clase 29: Repaso previo al 3&deg; parcial.</strong></p>\r\n\r\n<p><strong>M&oacute;dulo E: Cl&iacute;nica de la civilizaci&oacute;n.</strong></p>\r\n\r\n<p><strong>Clases 30 y 31: El invento psicoanalista.</strong></p>\r\n\r\n<p><strong>Contenidos:&nbsp;</strong>El psicoanalista y el malestar en la cultura. El lugar del psicoanalista en la salud mental.</p>\r\n\r\n<p><strong>Bibliograf&iacute;a obligatoria</strong></p>\r\n\r\n<p>Berm&uacute;dez, S. (2014).&nbsp;<em>Hacia un decir menos tonto. Analizar-Gobernar-Educar. Tres imposibles</em>. Buenos Aires: Letra Viva, pp. 107-119.</p>\r\n\r\n<p>Freud, S. (1930). El malestar en la cultura. Cap&iacute;tulos 4, 5 y 6. En&nbsp;<em>Obras completas</em>. Tomo XXI. Buenos Aires: Amorrortu.</p>\r\n\r\n<p><strong>Bibliograf&iacute;a optativa</strong></p>\r\n\r\n<p>Freud, S. (1933 [1932]) Nuevas conferencias de introducci&oacute;n al psicoan&aacute;lisis. 34&ordf; conferencia.</p>\r\n\r\n<p>Esclarecimientos, aplicaciones, orientaciones. En&nbsp;<em>Obras completas</em>. Tomo XXII. Buenos Aires: Amorrortu.</p>\r\n\r\n<p>Freud, S. (1933 [1932]) Nuevas conferencias de introducci&oacute;n al psicoan&aacute;lisis. 35&ordf; conferencia. En torno de una cosmovisi&oacute;n. En&nbsp;<em>Obras completas</em>. Tomo XXII. Buenos Aires: Amorrortu.</p>\r\n\r\n<p>Laurent, E. (2007). Los &oacute;rganos del cuerpo en la perspectiva psicoanal&iacute;tica. En&nbsp;<em>Dossier de la C&aacute;tedra Psicoan&aacute;lisis Freud I</em>. Buenos Aires: JVE Ediciones.</p>\r\n\r\n<p>Delgado, O. (2005). Efectos terap&eacute;uticos, efectos anal&iacute;ticos. Un debate &eacute;tico. En&nbsp;<em>La subversi&oacute;n freudiana y sus consecuencias</em>. Buenos Aires: JVE Ediciones, 2005.</p>\r\n\r\n<p>Delgado, O. (2005). Psicoan&aacute;lisis y salud mental. En&nbsp;<em>La subversi&oacute;n freudiana y sus consecuencias</em>. Buenos Aires: JVE Ediciones.</p>\r\n\r\n<p>Delgado, O. (2005). El estatuto &eacute;tico del derecho al sentido. En&nbsp;<em>Cl&iacute;nica y contemporaneidad</em>. Buenos Aires: JVE Ediciones.</p>\r\n\r\n<p>Laurent, E. (2000). El analista ciudadano. En&nbsp;<em>Psicoan&aacute;lisis y salud mental</em>. Buenos Aires: Tres Haches.</p>\r\n\r\n<p>Fallend, K. (1997). Un cuervo no debe usar camisa blanca. En&nbsp;<em>Actas de la Asociaci&oacute;n Psicoanal&iacute;tica de Viena. Peculiares, so&ntilde;adores, sensitivos</em>. Universidad de la R.O. del Uruguay.</p>\r\n\r\n<p><strong>4. ACTIVIDADES DE ENSE&Ntilde;ANZA Y DE APRENDIZAJE</strong></p>\r\n\r\n<p><strong>4.1 Pr&aacute;cticos</strong></p>\r\n\r\n<p><strong>M&oacute;dulo A. Clases 1 y 2: La importancia te&oacute;rico cl&iacute;nica del obst&aacute;culo.</strong></p>\r\n\r\n<p>Los alumnos trabajan con la bibliograf&iacute;a obligatoria del programa.</p>\r\n\r\n<p><strong>M&oacute;dulo B. Clase 3 a 19: Anticipo de la producci&oacute;n conceptual del inconsciente.</strong></p>\r\n\r\n<p><strong>Formaciones del inconsciente. Pulsi&oacute;n y sexualidad. Complejo nuclear de la neurosis.</strong></p>\r\n\r\n<p>Los alumnos trabajan con la bibliograf&iacute;a obligatoria del programa y los historiales freudianos.</p>\r\n\r\n<p><strong>M&oacute;dulo C. Clases 20 a 29: El problema de la satisfacci&oacute;n en la cura. Conflicto en el marco de la segunda t&oacute;pica.</strong></p>\r\n\r\n<p>Los alumnos trabajan con la bibliograf&iacute;a obligatoria y discusi&oacute;n de casos cl&iacute;nicos presentados por profesores de la c&aacute;tedra y comentados por colegas de otras instituciones hospitalarias como as&iacute; tambi&eacute;n porfesores de otras c&aacute;tedras de nuestra facultad, en lo que denominamos &ldquo;Semana cl&iacute;nica&rdquo; (durante una semana en todos los espacios de la c&aacute;tedra -te&oacute;ricos, seminarios y pr&aacute;cticos- se presentan casos cl&iacute;nicos).</p>\r\n\r\n<p><strong>M&oacute;dulo D. Clase 30 y 31: Relaci&oacute;n entre pulsi&oacute;n y cultura.</strong></p>\r\n\r\n<p>Los alumnos trabajan con la bibliograf&iacute;a obligatoria y textos de actualidad con relaci&oacute;n a la vigencia del psicoan&aacute;lisis en la &eacute;poca. Cultura, civilizaci&oacute;n y derechos humanos.</p>\r\n\r\n<p><strong>4.2 Actividades optativas</strong></p>\r\n\r\n<p><strong>4.2.1 &Aacute;rea Taller de escritura para alumnos.</strong></p>\r\n\r\n<p>Este taller brinda a los alumnos un espacio de trabajo, con el objetivo de propiciar la elaboraci&oacute;n de los escritos que les sean solicitados en los distintos momentos de la carrera. El taller tiene una metodolog&iacute;a te&oacute;rico-pr&aacute;ctica y trabajamos en peque&ntilde;os grupos en instancias concretas de lectura y escritura:</p>\r\n\r\n<p>- La producci&oacute;n escrita en el &aacute;mbito acad&eacute;mico y sus convenciones, los g&eacute;neros discursivos: secuencias y recursos.</p>\r\n\r\n<p>- Interpretaci&oacute;n de consignas.</p>\r\n\r\n<p>- La producci&oacute;n de las respuestas: explicar, diferenciar, describir, caracterizar,</p>\r\n\r\n<p>comparar, definir, desarrollar, ejemplificar y fundamentar.</p>\r\n\r\n<p>- La planificaci&oacute;n del proceso implica la estructuraci&oacute;n global del texto y las secuencias, su coherencia, cohesi&oacute;n y puntuaci&oacute;n</p>\r\n\r\n<p><strong>4.2.2 &Aacute;rea de consulta para ex&aacute;menes finales</strong></p>\r\n\r\n<p>La ense&ntilde;anza del psicoan&aacute;lisis en la universidad implica el acto de transmisi&oacute;n de un saber provocador, al mismo tiempo, una posici&oacute;n activa por parte del estudiante que le permita una amplia y precisa elaboraci&oacute;n conceptual.</p>\r\n\r\n<p>Proponemos construir y desarrollar con los alumnos estrategias espec&iacute;ficas para el desempe&ntilde;o acad&eacute;mico universitario y acompa&ntilde;arlos en la preparaci&oacute;n de ex&aacute;menes finales de Psicoan&aacute;lisis Freud 1.</p>\r\n\r\n<p>Los objetivos de la tarea son:</p>\r\n\r\n<p>- Que los alumnos reconozcan las metas del aprendizaje en funci&oacute;n del objetivo previamente trazado o exigido por las demandas de la tarea.</p>\r\n\r\n<p>- Que dispongan de estrategias de estudio para facilitar los procesos de lectura de los textos de Freud y el ordenamiento l&oacute;gico de &eacute;stos que hace el Programa de la c&aacute;tedra.</p>\r\n\r\n<p>- Que puedan planificar, regular y evaluar la estrategia pertinente para la preparaci&oacute;n de ex&aacute;menes en general, y para el final de esta materia en particular.</p>\r\n\r\n<p><strong>4.3.3 &Aacute;rea dispositivo asistencial</strong></p>\r\n\r\n<p>Es un dispositivo donde pueden participar los alumnos, con cupo limitado, en diversos centros de atenci&oacute;n psicol&oacute;gica de CABA, en entrevistas de admisi&oacute;n, como observadores, previa clase te&oacute;rica y posterior debate.</p>\r\n\r\n<p><strong>5. Sistema de evaluaci&oacute;n</strong></p>\r\n\r\n<p><strong>5.1 Instrumentos de evaluaci&oacute;n</strong></p>\r\n\r\n<p>La evaluaci&oacute;n del cumplimiento de los objetivos de aprendizaje se realiza mediante tres ex&aacute;menes parciales escri', '2018-12-30 16:56:12', 'admin', '2018-12-30 16:57:32', 'admin'),
	(4, 1, 4, 'Docentes', NULL, NULL, '<p>ACAD&Eacute;MICA<br />\r\nDocentes</p>\r\n\r\n<p>Lista de docentes 2018&nbsp;</p>\r\n\r\n<p><strong>Titular:</strong>&nbsp;<strong>Profesor Dr. Osvaldo Delgado</strong><br />\r\n<br />\r\n<strong>Profesores Adjuntos:</strong>&nbsp;<br />\r\nSilvia Berm&uacute;dez<br />\r\nSusana Epsztein<br />\r\nGraciela Gonz&aacute;lez Horowitz<br />\r\nViviana Mozzi<br />\r\nSilvia Pino<br />\r\nSandra Rese<br />\r\nOsvaldo Rodr&iacute;guez<br />\r\n<br />\r\n<strong>Jefes de Trabajos Pr&aacute;cticos</strong><br />\r\nAdriana Ant&oacute;n<br />\r\nValeria Casali<br />\r\nMar&iacute;a de los &Aacute;ngeles C&oacute;rdoba<br />\r\nFernando M&aacute;rquez<br />\r\nVer&oacute;nica Wainszelbaum<br />\r\nYamila Meli<br />\r\n<br />\r\n<strong>Ayudantes de Trabajos Pr&aacute;cticos</strong><br />\r\nMar&iacute;a Elisa Banzato<br />\r\nGerardo Battista<br />\r\nJuan Bustos<br />\r\nDiego Castellani<br />\r\nAna Mar&iacute;a Careaga<br />\r\nMar&iacute;a In&eacute;s Claramunt<br />\r\nGisela Contino<br />\r\nEugenia Crivelli<br />\r\nGabriela Cuomo<br />\r\nSilvina Dal Maso<br />\r\nNicol&aacute;s Dedovich<br />\r\nMelina Farje<br />\r\nSilvia Garc&iacute;a<br />\r\nFederico Giachetti<br />\r\nSantiago Hormanstorfer<br />\r\nLiliana Mari&ntilde;o<br />\r\nNora Merl&iacute;n<br />\r\nMirta Mikolaitis<br />\r\nAlma Montiel<br />\r\nJuli&aacute;n Pilar<br />\r\nNatalia Rodr&iacute;guez Pazos<br />\r\nPatricia Sabattini<br />\r\nNoelia Sabelli<br />\r\nAlejandro S&aacute;nchez<br />\r\nCarolina Santocono<br />\r\nCeleste Silanes<br />\r\nLeticia Varga<br />\r\nPaulina Vilamowski</p>', '2018-12-30 16:57:50', 'admin', '2018-12-30 16:58:41', 'admin'),
	(5, 1, 5, 'Información de teóricos', NULL, NULL, '<p>Docentes a cargo del dictado de Teoricos:</p>\r\n\r\n<p><strong>Te&oacute;ricos 2018</strong></p>\r\n\r\n<table>\r\n	<tbody>\r\n		<tr>\r\n			<td>I</td>\r\n			<td>Martes 11:00</td>\r\n			<td>Prof. Dr O. Delgado</td>\r\n		</tr>\r\n		<tr>\r\n			<td>II</td>\r\n			<td>Mi&eacute;rcoles 11:00</td>\r\n			<td>Mozzi, Viviana</td>\r\n		</tr>\r\n		<tr>\r\n			<td>III</td>\r\n			<td>Viernes 14:30</td>\r\n			<td>Pino, Silvia</td>\r\n		</tr>\r\n		<tr>\r\n			<td>IV</td>\r\n			<td>Jueves 19:45</td>\r\n			<td>Berm&uacute;dez, Silvia</td>\r\n		</tr>\r\n		<tr>\r\n			<td>V</td>\r\n			<td>Jueves 11:00</td>\r\n			<td>Gonz&aacute;lez, Graciela</td>\r\n		</tr>\r\n		<tr>\r\n			<td>VI</td>\r\n			<td>Martes 19:45</td>\r\n			<td>Epsztein, Susana</td>\r\n		</tr>\r\n		<tr>\r\n			<td>VII</td>\r\n			<td>Martes 9:00 (S.I.)</td>\r\n			<td>Rodr&iacute;guez, Osvaldo</td>\r\n		</tr>\r\n	</tbody>\r\n</table>', '2018-12-30 17:12:04', 'admin', '2018-12-30 17:12:40', 'admin'),
	(6, 1, 6, 'Información de seminarios', NULL, NULL, '<p>Docentes a cargo del dictado de Seminarios:</p>\r\n\r\n<p><strong>Seminarios 2018</strong></p>\r\n\r\n<table>\r\n	<tbody>\r\n		<tr>\r\n			<td>A</td>\r\n			<td>Martes 11:00</td>\r\n			<td>Rese, Sandra</td>\r\n		</tr>\r\n		<tr>\r\n			<td>B</td>\r\n			<td>Lunes 9:15</td>\r\n			<td>Wainszelbaum, Ver&oacute;nica</td>\r\n		</tr>\r\n		<tr>\r\n			<td>C</td>\r\n			<td>Martes 18:00</td>\r\n			<td>Ant&oacute;n, Adriana</td>\r\n		</tr>\r\n		<tr>\r\n			<td>D</td>\r\n			<td>Martes 21:30</td>\r\n			<td>M&aacute;rquez, Fernando</td>\r\n		</tr>\r\n		<tr>\r\n			<td>E</td>\r\n			<td>Jueves 11:00</td>\r\n			<td>Casali, Valeria</td>\r\n		</tr>\r\n		<tr>\r\n			<td>F</td>\r\n			<td>Martes 14:30</td>\r\n			<td>M&aacute;rquez, Fernando</td>\r\n		</tr>\r\n		<tr>\r\n			<td>G</td>\r\n			<td>Jueves 18:00</td>\r\n			<td>Casali, Valeria</td>\r\n		</tr>\r\n		<tr>\r\n			<td>H</td>\r\n			<td>Viernes 11:00</td>\r\n			<td>Ant&oacute;n, Adriana</td>\r\n		</tr>\r\n		<tr>\r\n			<td>K</td>\r\n			<td>Viernes 19:45</td>\r\n			<td>Wainszelbaum, Ver&oacute;nica</td>\r\n		</tr>\r\n		<tr>\r\n			<td>L</td>\r\n			<td>Jueves 14:30</td>\r\n			<td>Meli, Yamila</td>\r\n		</tr>\r\n		<tr>\r\n			<td>M</td>\r\n			<td>Jueves 11:00 (S.I.)</td>\r\n			<td>C&oacute;rdoba, Mar&iacute;a de los &Aacute;ngeles</td>\r\n		</tr>\r\n	</tbody>\r\n</table>', '2018-12-30 17:13:39', 'admin', '2018-12-30 17:14:16', 'admin'),
	(7, 1, 7, 'Información de prácticos', NULL, NULL, NULL, '2019-01-30 13:21:37', 'admin', '2019-01-30 13:46:29', 'admin'),
	(8, 1, 8, 'Áreas de responsabilidad', NULL, NULL, NULL, '2019-01-30 13:46:36', 'admin', '2019-01-30 13:46:49', 'admin'),
	(9, 1, 9, 'Información de la cursada', NULL, NULL, NULL, '2019-01-30 13:46:56', 'admin', '2019-01-30 13:47:08', 'admin'),
	(10, 1, 10, 'Investigaciones', NULL, NULL, NULL, '2019-01-30 13:47:13', 'admin', '2019-01-30 13:47:37', 'admin'),
	(11, 1, 11, 'Textos de los docentes de la cátedra', NULL, NULL, NULL, '2019-01-30 13:47:44', 'admin', '2019-01-30 13:48:16', 'admin'),
	(12, 1, 12, 'Agenda Académica', NULL, NULL, NULL, '2019-01-30 13:48:23', 'admin', '2019-01-30 13:49:57', 'admin'),
	(13, 2, 4, 'Taller de exámenes finales', 'Prof. Titular regular: Dr. Osvaldo Delgado', NULL, '<p><strong>Taller de Preparaci&oacute;n Examen Final Psicoan&aacute;lisis Freud 1</strong></p>\r\n\r\n<p>Prof. Titular regular: Dr. Osvaldo Delgado</p>\r\n\r\n<p>Estimados alumnos, los invitamos a este taller para:&nbsp;<br />\r\n- Ubicar los nudos conceptuales del programa Psicoan&aacute;lisis Freud I para facilitar su abordaje.&nbsp;<br />\r\n- Trabajar y pensar la organizaci&oacute;n de los contenidos del programa.&nbsp;</p>\r\n\r\n<p>Metodolog&iacute;a de Trabajo: Taller.&nbsp;<br />\r\nCantidad de encuentros: Uno.&nbsp;<br />\r\nD&iacute;a: Viernes 7 de diciembre de 2018&nbsp;<br />\r\nAula: 22 (Sede Hip&oacute;lito Yrigoyen)&nbsp;<br />\r\nHorario: De 12.30 a 16 hs.</p>\r\n\r\n<p>Recuerden traer el programa de la materia para trabajarlo durante el Taller.&nbsp;<br />\r\nLos esperamos.</p>\r\n\r\n<p><u>Responsable</u>: Silvia Pino&nbsp;<br />\r\n<u>Colaboran</u>: Mar&iacute;a de los &Aacute;ngeles C&oacute;rdoba, Viviana Mozzi, Natalia Rodr&iacute;guez Pazos y Silvina Dal Maso.</p>', '2019-01-30 13:52:42', 'admin', '2019-01-30 15:44:30', 'admin'),
	(14, 2, 9, 'Material de la I Jornada de Psicoanalisis Freud I realizada en 2008', NULL, NULL, NULL, '2019-01-30 13:54:06', 'admin', '2019-01-30 13:54:38', 'admin'),
	(15, 2, 10, 'Escuela de formación de ayudantes', NULL, NULL, NULL, '2019-01-30 13:54:48', 'admin', '2019-01-30 13:55:05', 'admin'),
	(16, 4, 0, 'Presentación', NULL, NULL, '<p>Este espacio es una herramienta fundamental en el uso del programa, en &eacute;l se encuentran los t&iacute;tulos de libros y nombres de autores citados en cada texto del mismo. En ocasiones tambi&eacute;n podr&aacute;n encontrar fragmentos de los mismos textos, como tambi&eacute;n fotos de obras de arte. La idea es que estas referencias, orienten al lector en relaci&oacute;n a los temas tratados a lo largo de la cursada.<br />\r\n<br />\r\nEs tambi&eacute;n un espacio en permanente construcci&oacute;n ya que siempre hay algo nuevo que se puede encontrar en un texto, de hecho diversos lectores pueden encontrar referencias que han pasado inadvertidas para otros.</p>', '2019-01-30 14:05:24', 'admin', '2019-01-30 15:46:54', 'admin'),
	(17, 4, 1, 'Instructivo', NULL, NULL, '<p>El programa de la materia se encuentra dividido en tres: Te&oacute;ricos, Pr&aacute;cticos y Seminarios. Cada apartado esta, a su vez, separado en m&oacute;dulos.&nbsp;<br />\r\nHaciendo click en el modulo buscado, se abrir&aacute;n los textos correspondientes al sector del programa seleccionado.&nbsp;<br />\r\nDebajo de cada texto, en&nbsp;letras de color, estar&aacute;n las referencias que Freud hace en el texto, o sea los autores, teor&iacute;as u obras literarias o de arte a los que se refiere en su escrito. Haciendo click en las palabras escritas en rojo, se ampliara la informaci&oacute;n autom&aacute;ticamente, dando a conocer biograf&iacute;as, desarrollos te&oacute;ricos, cuentos, obras de arte, etc.<br />\r\nTodav&iacute;a se esta trabajando para agregar informaci&oacute;n, de manera que en aquellos casos en los que aun no ha sido ampliada la referencia, solo se har&aacute; menci&oacute;n de la misma y &eacute;sta aparecer&aacute; escrita en it&aacute;licas.&nbsp;</p>', '2019-01-30 14:05:48', 'admin', '2019-01-30 15:47:26', 'admin'),
	(18, 4, 2, 'Contenidos', NULL, NULL, '<table border="1" cellpadding="0" cellspacing="0" class="table table-bordered table-striped">\r\n	<tbody>\r\n		<tr>\r\n			<td colspan="2">\r\n			<p style="text-align: center;">TE&Oacute;RICOS</p>\r\n			</td>\r\n		</tr>\r\n		<tr>\r\n			<td>MODULO A</td>\r\n			<td><a href="http://www.psicoanalisisfreud.com.ar/teoricomoduloa1y2.php">(Te&oacute;ricos 1 y 2)</a></td>\r\n		</tr>\r\n		<tr>\r\n			<td>MODULO B</td>\r\n			<td><a href="http://www.psicoanalisisfreud.com.ar/teoricosmodulob3y4.php">(Te&oacute;ricos 3 y 4)</a></td>\r\n		</tr>\r\n		<tr>\r\n			<td>&nbsp;</td>\r\n			<td><a href="http://www.psicoanalisisfreud.com.ar/teoricosmodulob56y7.php">(Te&oacute;ricos 5, 6 y 7)</a></td>\r\n		</tr>\r\n		<tr>\r\n			<td>&nbsp;</td>\r\n			<td><a href="http://www.psicoanalisisfreud.com.ar/teoricosmodulob91011121314y15.php">(Te&oacute;ricos 9,10,11,12,13, 14 y 15)</a></td>\r\n		</tr>\r\n		<tr>\r\n			<td>&nbsp;</td>\r\n			<td><a href="http://www.psicoanalisisfreud.com.ar/teoricosmodulob1617y18.php">(Te&oacute;ricos 16, 17 y 18)</a></td>\r\n		</tr>\r\n		<tr>\r\n			<td>MODULO C</td>\r\n			<td><a href="http://www.psicoanalisisfreud.com.ar/teoricos20212223y24.php">(Te&oacute;ricos 20, 21, 22, 23 y 24)</a></td>\r\n		</tr>\r\n		<tr>\r\n			<td>&nbsp;</td>\r\n			<td><a href="http://www.psicoanalisisfreud.com.ar/teoricos252627y28.php">(Te&oacute;ricos 25, 26, 27 y 28)</a></td>\r\n		</tr>\r\n		<tr>\r\n			<td>MODULO D</td>\r\n			<td><a href="http://www.psicoanalisisfreud.com.ar/teoricos30y31.php">(Te&oacute;ricos 30 y 31)</a></td>\r\n		</tr>\r\n		<tr>\r\n			<td colspan="2">\r\n			<p style="text-align: center;"><strong>PR&Aacute;CTICOS</strong></p>\r\n			</td>\r\n		</tr>\r\n		<tr>\r\n			<td>MODULO A</td>\r\n			<td><a href="http://www.psicoanalisisfreud.com.ar/practicos1y2.php">(Pr&aacute;cticos 1 y 2)</a></td>\r\n		</tr>\r\n		<tr>\r\n			<td>MODULO B</td>\r\n			<td><a href="http://www.psicoanalisisfreud.com.ar/practicos3y4.php">(Pr&aacute;cticos 3 y 4)</a></td>\r\n		</tr>\r\n		<tr>\r\n			<td>&nbsp;</td>\r\n			<td><a href="http://www.psicoanalisisfreud.com.ar/practicos5678y9.php">(Pr&aacute;cticos 5,6,7,8 y 9)</a></td>\r\n		</tr>\r\n		<tr>\r\n			<td>&nbsp;</td>\r\n			<td><a href="http://www.psicoanalisisfreud.com.ar/practicos10111213y14.php">(Pr&aacute;cticos 10,11,12, 13 y 14)</a></td>\r\n		</tr>\r\n		<tr>\r\n			<td>&nbsp;</td>\r\n			<td><a href="http://www.psicoanalisisfreud.com.ar/practicos151617y18.php">(Pr&aacute;cticos 15,16, 17 y 18)</a></td>\r\n		</tr>\r\n		<tr>\r\n			<td>MODULO C</td>\r\n			<td><a href="http://www.psicoanalisisfreud.com.ar/practicos202122y23.php">(Pr&aacute;cticos 20, 21, 22 y 23)</a></td>\r\n		</tr>\r\n		<tr>\r\n			<td>&nbsp;</td>\r\n			<td><a href="http://www.psicoanalisisfreud.com.ar/practicos24252627y28.php">(Pr&aacute;cticos 24,25, 26, 27 y 28)</a></td>\r\n		</tr>\r\n		<tr>\r\n			<td>MODULO D</td>\r\n			<td><a href="http://www.psicoanalisisfreud.com.ar/practicos30y31.php">(Pr&aacute;cticos 30 y 31)</a></td>\r\n		</tr>\r\n		<tr>\r\n			<td colspan="2">\r\n			<p style="text-align: center;"><strong>SEMINARIOS</strong></p>\r\n			</td>\r\n		</tr>\r\n		<tr>\r\n			<td><a href="http://www.psicoanalisisfreud.com.ar/seminariosmoduloaclases12y3.php">MODULO A</a></td>\r\n			<td><a href="http://www.psicoanalisisfreud.com.ar/seminariosmoduloaclases12y3.php">(Seminarios 1, 2 y 3 )</a></td>\r\n		</tr>\r\n		<tr>\r\n			<td><a href="http://www.psicoanalisisfreud.com.ar/seminariosmodulobclases456y7.php">M&Oacute;DULO B</a></td>\r\n			<td><a href="http://www.psicoanalisisfreud.com.ar/seminariosmoduloaclases12y3.php">(Seminarios</a><a href="http://www.psicoanalisisfreud.com.ar/seminariosmodulobclases456y7.php">&nbsp;4, 5, 6 y 7)</a></td>\r\n		</tr>\r\n		<tr>\r\n			<td>&nbsp;</td>\r\n			<td><a href="http://www.psicoanalisisfreud.com.ar/seminariosmoduloaclases12y3.php">(Seminarios</a><a href="http://www.psicoanalisisfreud.com.ar/seminariosmodulobclases910111213y14.php">&nbsp;8, 9, 10, 11, 12, 13 y 14 )</a></td>\r\n		</tr>\r\n		<tr>\r\n			<td><a href="http://www.psicoanalisisfreud.com.ar/seminariosmoduloc.php">M&Oacute;DULO C</a></td>\r\n			<td><a href="http://www.psicoanalisisfreud.com.ar/seminariosmoduloaclases12y3.php">(Seminarios</a><a href="http://www.psicoanalisisfreud.com.ar/seminariosmoduloc.php">&nbsp;15, 16, 17, 18, 19, 20, 21, 22 y 23)</a></td>\r\n		</tr>\r\n		<tr>\r\n			<td><a href="http://www.psicoanalisisfreud.com.ar/seminariosmodulod.php">M&Oacute;DULO D</a></td>\r\n			<td><a href="http://www.psicoanalisisfreud.com.ar/seminariosmoduloaclases12y3.php">(Seminarios</a><a href="http://www.psicoanalisisfreud.com.ar/seminariosmodulod.php">&nbsp;24, 25, 26, 27, 28 y 29)</a></td>\r\n		</tr>\r\n		<tr>\r\n			<td><a href="http://www.psicoanalisisfreud.com.ar/seminariosmoduloe.php">M&Oacute;DULO E</a></td>\r\n			<td><a href="http://www.psicoanalisisfreud.com.ar/seminariosmoduloaclases12y3.php">(Seminarios</a><a href="http://www.psicoanalisisfreud.com.ar/seminariosmoduloe.php">&nbsp;30 y 31)</a></td>\r\n		</tr>\r\n	</tbody>\r\n</table>', '2019-01-30 14:06:19', 'admin', '2019-01-30 16:41:49', 'admin'),
	(19, 5, 0, 'Presentación', NULL, NULL, NULL, '2019-01-30 14:06:55', 'admin', '2019-01-30 14:07:07', 'admin'),
	(20, 5, 1, 'Lo contemporaneo de freud', NULL, NULL, '<p><strong>Psicoan&aacute;lisis</strong><br />\r\n<a href="http://www.psicoanalisisfreud.com.ar/plank.php" target="_blank">- Max Karl Ernst Ludwig Plank</a><br />\r\n<a href="http://www.psicoanalisisfreud.com.ar/brentano.php?id=3488" target="_blank">- Franz Brentano</a><br />\r\n<a href="http://www.epdlp.com/escritor.php?id=3488" target="_blank">- Otto Rank</a><br />\r\n<a href="http://www.psicomundo.org/ferenczi/" target="_blank">- Sandor Ferenczi</a></p>\r\n\r\n<p><strong>Ciencia y Filosof&iacute;a</strong>&nbsp;<br />\r\n<a href="http://www.psicoanalisisfreud.com.ar/heidegger.php" target="_blank">- Mi Padre Herman Heidegger</a><br />\r\n<a href="http://www.psicoanalisisfreud.com.ar/freudseescapa.php">- Freud se escapa</a></p>\r\n\r\n<p><a href="http://www.psicoanalisisfreud.com.ar/contempofreudarte.php" target="_blank">Arte</a></p>\r\n\r\n<p><strong>Correspondencia</strong><br />\r\n-&nbsp;<a href="http://www.psicoanalisisfreud.com.ar/zweig.php" target="_blank">Carta a Stefan Zweig</a></p>\r\n\r\n<p><strong>Entrevistas</strong>&nbsp;<br />\r\n-&nbsp;<a href="http://www.psicoanalisisfreud.com.ar/valorvida.php" target="_blank">Enrevista a Sigmund Freud * El Valor de la Vida</a></p>\r\n\r\n<p><strong>Publicaciones y Conferencias</strong><br />\r\n-&nbsp;<a href="http://www.psicoanalisisfreud.com.ar/nosotrosylamuerte.php" target="_blank">Sigmund Freud: Nosotros y la Muerte</a></p>', '2019-01-30 14:07:15', 'admin', '2019-01-30 16:46:54', 'admin'),
	(21, 5, 2, 'Lo actual', NULL, NULL, NULL, '2019-01-30 14:07:47', 'admin', '2019-01-30 14:08:06', 'admin'),
	(22, 5, 3, 'Galería fotográfica de Freud', NULL, NULL, NULL, '2019-01-30 14:08:14', 'admin', '2019-01-30 14:08:34', 'admin'),
	(23, 3, 0, 'Materia electiva: Construcción de los conceptos psicoanalíticos', NULL, 'construccion.jpg', '<p>Estimados alumnos, como Profesor Titular de la c&aacute;tedra Construcci&oacute;n de los Conceptos Psicoanal&iacute;ticos, les doy la mejor de las bienvenidas, a compartir con el conjunto de todos los docentes la experiencia maravillosa de recorrer la apasionante aventura de la articulaci&oacute;n de las obras de Freud y Lacan, con el eje de la direcci&oacute;n de la cura.&nbsp;<br />\r\n<br />\r\nTodos los integrantes de esta unidad acad&eacute;mica tienen la mejor disposici&oacute;n para acompa&ntilde;arlos, orientarlos y entusiasmarlos en la cursada de esta materia tan importante en vuestra formaci&oacute;n.&nbsp;<br />\r\n<br />\r\nDr. Osvaldo L. Delgado&nbsp;<br />\r\nProfesor Titular&nbsp;</p>', '2019-01-30 14:12:56', 'admin', '2019-01-30 16:52:34', 'admin'),
	(24, 3, 1, 'Programa', NULL, NULL, '<p>Construcci&oacute;n de los Conceptos Psicoanal&iacute;ticos&nbsp;<br />\r\nC&oacute;digo 798 Profesor Osvaldo L. Delgado&nbsp;<br />\r\nDictado 1&deg; y 2&deg; cuatrimestre&nbsp;</p>\r\n\r\n<p><a href="http://localhost/github/psicologiafreud/backend/uploads/Afiche_ateneo_delgado.pdf">Descargar programa 2018</a></p>', '2019-01-30 14:13:27', 'admin', '2019-01-30 16:54:54', 'admin'),
	(25, 3, 2, 'Agenda académica', NULL, NULL, '<p><strong>Inscripci&oacute;n a Materias. Primer Cuatrimestre de 2018.</strong></p>\r\n\r\n<p>-&nbsp;<em>Inscripci&oacute;n a Materias (V&iacute;a Internet):</em>&nbsp;15 al 20/03<br />\r\n-&nbsp;<em>Apertura de Legajos para Ingresantes (V&iacute;a Internet):</em>&nbsp;(Lic. Psicolog&iacute;a, Lic. Musicoterapia, Lic. Terapia Ocupacional, Profesorado en Psicolog&iacute;a, Res. (CS) N&ordm; 841/85): 05/02 al 20/03<br />\r\n-&nbsp;<em>Entrega de documentaci&oacute;n de Ingresantes:</em>&nbsp;en Direcci&oacute;n de Alumnos. (Sede: Hip&oacute;lito Yrigoyen 3242. Horario de 10 a 18 hs): 05/02 al 20/03</p>\r\n\r\n<p><strong>&nbsp;</strong></p>\r\n\r\n<p><strong>Primer cuatrimestre de 2018</strong><strong>.</strong>&nbsp;<br />\r\n-&nbsp;<em>Inicio del Primer Cuatrimestre:</em>&nbsp;26/03<br />\r\n-&nbsp;<em>Renuncias a la Cursada (V&iacute;a Internet):</em>&nbsp;26/03 al 24/04<br />\r\n-&nbsp;<em>Duraci&oacute;n del Primer Cuatrimestre:</em><br />\r\nMaterias Anuales: 16 semanas</p>\r\n\r\n<p><strong>&nbsp;</strong></p>\r\n\r\n<p><strong>Ex&aacute;menes del Turno de Mayo</strong>&nbsp;<br />\r\n-&nbsp;<em>Inscripci&oacute;n (Libres y Regulares) (V&iacute;a Internet):</em>&nbsp;10 al 16/5<br />\r\n-&nbsp;<em>Llamado del Turno de Mayo (Con suspensi&oacute;n de clases):</em>&nbsp;19/05</p>\r\n\r\n<p><strong>&nbsp;</strong></p>\r\n\r\n<p><strong>Inscripci&oacute;n a Ayudante Alumno</strong>&nbsp;<br />\r\n<em>(V&iacute;a Internet) (Res (CD) N&ordm; 577/95 y N&ordm; 239/09):</em>&nbsp;14 al 31/05</p>\r\n\r\n<p><strong>&nbsp;</strong></p>\r\n\r\n<p><strong>Finalizaci&oacute;n del Primer Cuatrimestre&nbsp;</strong>&nbsp;<br />\r\n-&nbsp;<em>Materias Cuatrimestrales:</em>&nbsp;07/07<br />\r\n-&nbsp;<em>Materias Anuales:</em>&nbsp;14/07<br />\r\n-&nbsp;<em>Entrega de Actas de Regularidad del Primer Cuatrimestre (V&iacute;a Internet):</em>&nbsp;02 al 10/07</p>\r\n\r\n<p><strong>&nbsp;</strong></p>\r\n\r\n<p><strong>Ex&aacute;menes del Turno de Julio (Libres y Regulares)</strong>&nbsp;<br />\r\n-&nbsp;<em>Inscripci&oacute;n a Llamados del Turno de Julio (Libres y Regulares) (V&iacute;a Internet)&nbsp;</em><br />\r\n1&ordm; llamado: 02/07 al 11/07<br />\r\n2&ordm; llamado: 02/07 al 18/07</p>\r\n\r\n<p>-&nbsp;<em>Llamados del Turno de Julio&nbsp;</em><br />\r\n1&ordm; llamado: 16/07 al 20/07<br />\r\n2&ordm; llamado: 23/07 al 27/07</p>\r\n\r\n<p><strong>&nbsp;</strong></p>\r\n\r\n<p><strong>Receso Acad&eacute;mico de la cursada de materiales anuales y cuatrimestrales.</strong>&nbsp;<br />\r\n<em>Materias anuales:&nbsp;</em>16/07 al 03/08</p>\r\n\r\n<p>&nbsp;</p>\r\n\r\n<p><strong>Segundo Cuatrimestre de 2018</strong>&nbsp;<br />\r\n-&nbsp;<em>Inicio del Segundo Cuatrimestre:&nbsp;</em><br />\r\nMaterias Anuales: 06/08<br />\r\n-&nbsp;<em>Renuncias a la Cursada (V&iacute;a Internet):&nbsp;</em><br />\r\nMaterias Anuales&nbsp;<em>(con presentaci&oacute;n de nota por Mesa de Entradas)</em>: 06/08 al 04/09</p>\r\n\r\n<p><em>- Duraci&oacute;n del Segundo Cuatrimestre de 2018</em><br />\r\nMaterias Anuales: 16 semanas</p>\r\n\r\n<p><strong>Ex&aacute;menes del Turno de Septiembre</strong><br />\r\n-&nbsp;<em>Inscripci&oacute;n (Libres y Regulares) (V&iacute;a Internet):</em>&nbsp;06 al 12/09&nbsp;<br />\r\n-&nbsp;<em>Llamado del Turno de Septiembre (Con suspensi&oacute;n de clases):</em>&nbsp;15/09<br />\r\n<br />\r\n<strong>Jornadas de Programas de Extensi&oacute;n:</strong>&nbsp;A determinarse</p>\r\n\r\n<p><strong>Inscripci&oacute;n a Ayudante Alumno</strong><br />\r\n(V&iacute;a Internet: http//academica.psi.uba.ar) (Res (CD) N&ordm; 577/95 y N&ordm; 239/09): 01 al 12/10</p>\r\n\r\n<p><strong>Finalizaci&oacute;n del Segundo Cuatrimestre:</strong>&nbsp;24/11<br />\r\n<br />\r\n<strong>Entrega de Actas de Regularidad del Segundo Cuatrimestre (V&iacute;a Internet):&nbsp;</strong>21/11 al 27/11</p>\r\n\r\n<p><strong>X Congreso Internacional de Pr&aacute;cticas Profesionales e Investigaci&oacute;n en Psicolog&iacute;a. XXV Jornadas de Investigaci&oacute;n en Psicolog&iacute;a y XIV Encuentro de Investigaci&oacute;n en Psicolog&iacute;a del MERCOSUR:</strong>&nbsp;28/11 al 1/12</p>\r\n\r\n<p><strong>Ex&aacute;menes del Turno de Diciembre (Libres y Regulares)</strong><br />\r\n-&nbsp;<em>Inscripci&oacute;n a Llamados del Turno de Diciembre (Libres y Regulares) (V&iacute;a Internet):&nbsp;</em><br />\r\n1&ordm; llamado: 22/11 al 28/11&nbsp;<br />\r\n2&ordm; llamado: 22/11 al 05/12&nbsp;<br />\r\n3&ordm; llamado: 22/11 al 12/12<br />\r\n<br />\r\n-&nbsp;<strong><em>Llamados del Turno de Diciembre:</em></strong><em>&nbsp;</em><br />\r\n1&ordm; llamado: 03 al 07/12&nbsp;<br />\r\n2&ordm; llamado: 10 al 14/12&nbsp;<br />\r\n3&ordm; llamado: 17 al 21/12</p>\r\n\r\n<p><strong>Apertura de Legajos solo para Ingresantes a la Licenciatura en Musicoterapia, que deseen rendir en el turno de diciembre el&nbsp;<em>&ldquo;Examen de acreditaci&oacute;n de conocimientos musicales&rdquo;</em>&nbsp;(ver fechas de inscripci&oacute;n, turno de diciembre) (V&iacute;a Internet):&nbsp;</strong>del 23/11 al 11/12</p>\r\n\r\n<p><strong>Inscripci&oacute;n al Curso de Verano 2019.</strong><br />\r\n-&nbsp;<em>Inscripci&oacute;n a materias del Curso de Verano 2019 (V&iacute;a Internet):</em>&nbsp;17 al 19/12<br />\r\n<br />\r\n<strong>NOTA ACLARATORIA:</strong><br />\r\n&ldquo;Los &iacute;tems del calendario acad&eacute;mico, referidos a actividades acad&eacute;micas administrativas correspondientes a docentes y alumnos se realizan a trav&eacute;s del sistema acad&eacute;mico (<a href="http://academica.psi.uba.ar/">http://academica.psi.uba.ar</a>)&rdquo;</p>\r\n\r\n<p>Tel&eacute;fonos &Uacute;tiles</p>\r\n\r\n<p>- Sede Hip&oacute;lito Yrigoyen: 5287-3200<br />\r\n- Sede Independencia: 5287-3200<br />\r\n- Sede San Isidro:<br />\r\n4931- 6900 interno 5101/5102<br />\r\n- Sede Avellaneda:<br />\r\n5285-6461/4453&nbsp;<br />\r\n- Sede Lavalle (Investigaciones)<br />\r\n4952-5481 / 5490<br />\r\n- Sede Tucum&aacute;n (Posgrado)<br />\r\n4961-8517 / 4963-4762 / 4962-8275 / 4963-4756</p>\r\n\r\n<p>Direcciones</p>\r\n\r\n<p>- Sede Hip&oacute;lito Yrigoyen:<br />\r\nHip&oacute;lito Yrigoyen 3242, Ciudad de Buenos Aires.[cp:C1207ABQ]<br />\r\n- Sede Independencia:<br />\r\nAv. Independencia 3065, Ciudad de Buenos Aires.[cp:C1225AAM]<br />\r\n- Sede San Isidro:<br />\r\nC&oacute;rdoba 1957, Mart&iacute;nez - Part. de San Isidro - Prov. de Buenos Aires.<br />\r\n- Sede Avellaneda:<br />\r\nEva Per&oacute;n y G&uuml;emes (S/N), Avellaneda - Prov. de Buenos Aires.&nbsp;<br />\r\n- Sede Lavalle (Investigaciones)<br />\r\nGral. Juan Lavalle 2353 Ciudad Aut&oacute;noma de Buenos Aires.[cp:1052AAA]<br />\r\n- Sede Tucum&aacute;n (Posgrado)</p>', '2019-01-30 14:14:21', 'admin', '2019-01-30 16:56:09', 'admin'),
	(26, 3, 3, 'Docentes', NULL, NULL, NULL, '2019-01-30 14:15:24', 'admin', '2019-01-30 14:15:40', 'admin'),
	(27, 3, 4, 'Textos de los docentes de la cátedra', NULL, NULL, NULL, '2019-01-30 14:15:55', 'admin', '2019-01-30 14:16:11', 'admin'),
	(28, 3, 7, 'Área clínica', NULL, NULL, NULL, '2019-01-30 14:16:20', 'admin', '2019-01-30 14:16:33', 'admin'),
	(29, 6, 0, 'Universitat de Barcelona - Facultat de psicología', NULL, 'Logo Master UB.jpg', '<p>M&aacute;ster \'Actuaci&oacute;n cl&iacute;nica en psicoan&aacute;lisis y psicopatolog&iacute;a\'.&nbsp;<a href="https://www.youtube.com/watch?v=vIPonDBLk7c" target="_blank">Video de presentaci&oacute;n.</a>&nbsp;(2017)&nbsp;<br />\r\n<br />\r\nBerenguer, E. (2012).&nbsp;<a href="https://www.youtube.com/watch?v=y5ejfJuRD4M" target="_blank">Hacer lo imposible. Conferencia en el ICF de Granada.</a>&nbsp;<br />\r\n<br />\r\nUbieto, J. R. (2016).&nbsp;<a href="http://www.revistavirtualia.com/articulos/17/malestar-en-la-civilizacion/notas-sobre-el-acoso-escolar-una-perspectiva-psicoanalitica" target="_blank">Notas sobre el acoso escolar: una perspectiva psicoanal&iacute;tica. Virtualia 32.</a>&nbsp;<br />\r\n<br />\r\nD\'Angelo, L. (2015).&nbsp;<a href="https://www.redicf.net/don-giovanni-de-mozart/" target="_blank">Don Giovanni de Mozart. Mito e interpretaci&oacute;n del donjuanismo masculino. Red de formaci&oacute;n continuada en cl&iacute;nica psicoanal&iacute;tica del ICF Espa&ntilde;a.</a>&nbsp;<br />\r\n<br />\r\nBrignoni, S. (2018).&nbsp;<a href="http://revistainterrogant.org/usos-y-abusos-del-diagnostico/" target="_blank">Usos y abusos del diagn&oacute;stico. L\'Interrogant 15.</a>&nbsp;<br />\r\n<br />\r\nBerenguer, Enric&nbsp;<a href="http://nedediciones.com/ficha.aspx?cod=2021" target="_blank">&iquest;C&oacute;mo se contruye un caso?</a>&nbsp;<br />\r\n<br />\r\nWeb de los programas:&nbsp;<a href="http://www.masterpsicoanalisis.com/" target="_blank">http://www.masterpsicoanalisis.com/</a></p>', '2019-01-30 14:17:07', 'admin', '2019-01-30 16:57:38', 'admin'),
	(30, 6, 1, 'Con el campo psicoanalítico', NULL, NULL, '<p><strong>Universidades</strong><br />\r\n<a href="http://www.psi.uba.ar/" target="_blank">Facultad de Psicolog&iacute;a - UBA</a><br />\r\n<a href="http://www.psico.edu.uy/" target="_blank">Facultad de Psicolog&iacute;a de Montevideo</a><br />\r\n<a href="http://www.psi.uba.ar/academica/carrerasdegrado/psicologia/informacion_adicional/obligatorias/psicopato2/Paginainicio6.htm" target="_blank">P&aacute;gina de psicopatolog&iacute;a (Schejtman)</a><br />\r\n<br />\r\n<strong>P&aacute;ginas de inter&eacute;s</strong><br />\r\n<a href="http://www.revistaenlaces.com.ar/" target="_blank">Revista Enlaces</a><br />\r\n<a href="http://www.pausaurgencias.com.ar/" target="_blank">PAUSA: Instituci&oacute;n de atenci&oacute;n de las urgencias con orientaci&oacute;n psicoanal&iacute;tica</a><br />\r\n<a href="http://www.tuanalista.com/" target="_blank">tuanalista.com: Obra de Freud, Lacan, Klein y Winnicott.</a><br />\r\n<a href="http://www.lacan.com/" target="_blank">Lacan.com</a><br />\r\n<a href="http://psiconet.org/freud/" target="_blank">Psicomundo</a><br />\r\n<a href="http://www.espaciopotencial.com.ar/" target="_blank">La Casa de Winnicot</a><br />\r\n<a href="http://www.descartes.org.ar/masotta-fundacion.htm" target="_blank">Oscar Masotta</a><br />\r\n<a href="http://www.antroposmoderno.com/antro-articulo.php?id_articulo=399%20" target="_blank">Un Retorno al \\&quot;Retorno a Freud\\&quot;</a></p>', '2019-01-30 14:17:47', 'admin', '2019-01-30 16:59:49', 'admin'),
	(31, 6, 2, 'Con instituciones culturales y periódicos', NULL, NULL, NULL, '2019-01-30 14:18:08', 'admin', '2019-01-30 14:18:21', 'admin'),
	(32, 7, 0, 'Presentación', NULL, NULL, '<p>Se incluyen en esta secci&oacute;n diferentes expresiones art&iacute;sticas y culturales que recomendamos.</p>', '2019-01-30 14:35:05', 'admin', '2019-01-30 17:02:34', 'admin'),
	(33, 8, 0, 'Presentación', NULL, NULL, '<p>El prop&oacute;sito de este espacio es abrir distintos canales de comunicaci&oacute;n e intercambio entre los alumnos, el equipo docente y con todo aquel que este interesado en el Psicoan&aacute;lisis, para continuar avanzando con la tarea de enlazar esta praxis con aquellos temas y problem&aacute;ticas que conforman el entramado social en que estamos inmersos.&nbsp;<br />\r\n<br />\r\n<br />\r\nEntendemos que la apertura y sostenimiento de estos espacios de di&aacute;logo est&aacute;n en concordancia con el esp&iacute;ritu freudiano. Freud hizo un ejercicio continuo de la conversaci&oacute;n, en sus textos sol&iacute;a tener un interlocutor a quien dirigirse, a veces de la realidad &ndash;como lo fueron Fliess, Jung, Adler y Rank- y otras veces ideado &ndash;como el juez imparcial en el texto &ldquo;Pueden los legos ejercer el Psicoan&aacute;lisis?&rdquo; Interlocutor con quien discutir sus ideas, presentarlas y cuestionarlas, explicarlas y ponerlas a prueba.&nbsp;<br />\r\n<br />\r\nEs esto lo que hoy nos permite pensar que en el hecho de comunicarnos y debatir, se encuentra uno de los caminos para continuar con su legado.</p>', '2019-01-30 14:36:02', 'admin', '2019-01-30 17:15:34', 'admin'),
	(34, 8, 2, 'Foros de discusión', NULL, NULL, NULL, '2019-01-30 14:36:18', 'admin', '2019-01-30 14:36:37', 'admin');
/*!40000 ALTER TABLE `paginas_estaticas` ENABLE KEYS */;

-- Volcando datos para la tabla psicoanalisisfreud.slider: ~0 rows (aproximadamente)
/*!40000 ALTER TABLE `slider` DISABLE KEYS */;
INSERT INTO `slider` (`id`, `imagen`, `informacion`, `titulo`, `subtitulo`, `link`) VALUES
	(1, 'slide_1.jpg', '<p><strong>Nombre de la Obra: </strong> Nombre de la obra<br />\r\n<strong>Autor: </strong>Autor<br />\r\n<strong>A&ntilde;o: </strong>2019</p>', 'Presentación de la materia', 'Objetivo y modalidad de cursada y plantel docente.', NULL),
	(2, 'slide_2.jpg', '<p><strong>Nombre de la Obra: </strong> Nombre de la obra<br />\r\n<strong>Autor: </strong>Autor<br />\r\n<strong>A&ntilde;o: </strong>2018</p>', 'Referencias al programa', 'Conocé el programa de nuestra cátedra.', NULL),
	(3, 'slide_3.jpg', '<p><strong>Nombre de la Obra: </strong> Nombre de la obra<br />\r\n<strong>Autor: </strong>Autor<br />\r\n<strong>A&ntilde;o: </strong>2017</p>', 'Información importante para los alumnos', 'Conocé actividades importantes para tu formación.', NULL),
	(4, 'slide_4.jpg', '<p><strong>Nombre de la Obra: </strong> Nombre de la obra<br />\r\n<strong>Autor: </strong>Autor<br />\r\n<strong>A&ntilde;o: </strong>2018</p>', 'Comunicación', 'Escuela de ayudantes alumnos. El espacio de investigación de alumnos. Artículos de los alumnos.', NULL);
/*!40000 ALTER TABLE `slider` ENABLE KEYS */;

/*!40101 SET SQL_MODE=IFNULL(@OLD_SQL_MODE, '') */;
/*!40014 SET FOREIGN_KEY_CHECKS=IF(@OLD_FOREIGN_KEY_CHECKS IS NULL, 1, @OLD_FOREIGN_KEY_CHECKS) */;
/*!40101 SET CHARACTER_SET_CLIENT=@OLD_CHARACTER_SET_CLIENT */;
